{
  "feature_names_single_slice": [
    "theta[rad]",
    "p_sum[MPa]",
    "p_diff[MPa]",
    "dp_sum[MPa/s]",
    "dp_diff[MPa/s]",
    "dz[m]"
  ],
  "lags": 12,
  "delay": 2,
  "mu": [
    0.03916451334953308,
    0.5446594953536987,
    -0.002251403173431754,
    -0.0002774341846816242,
    0.0003329206083435565,
    -0.004834347870200872,
    0.03916710615158081,
    0.5446608662605286,
    -0.002253066748380661,
    -0.0002774341846816242,
    0.0003329206083435565,
    -0.004834351595491171,
    0.039169687777757645,
    0.5446622371673584,
    -0.002254730323329568,
    -0.0002774341846816242,
    0.0003329206083435565,
    -0.004834355320781469,
    0.03917227312922478,
    0.5446636080741882,
    -0.002256393898278475,
    -0.0002774341846816242,
    0.0003329206083435565,
    -0.004834359046071768,
    0.039174798876047134,
    0.5446649789810181,
    -0.0022580574732273817,
    -0.0002774341846816242,
    0.0003329206083435565,
    -0.004834363237023354,
    0.03917732834815979,
    0.5446663498878479,
    -0.0022597212810069323,
    -0.0002774341846816242,
    0.0003329206083435565,
    -0.004834366030991077,
    0.03917984291911125,
    0.5446677207946777,
    -0.002261384855955839,
    -0.0002774341846816242,
    0.0003329206083435565,
    -0.004834369290620089,
    0.039182357490062714,
    0.5446690917015076,
    -0.002263048430904746,
    -0.0002774341846816242,
    0.0003329206083435565,
    -0.0048343725502491,
    0.0391848050057888,
    0.5446704626083374,
    -0.002264712005853653,
    -0.0002774341846816242,
    0.0003329206083435565,
    -0.004834375344216824,
    0.03918725252151489,
    0.5446718335151672,
    -0.0022663758136332035,
    -0.0002774341846816242,
    0.0003329206083435565,
    -0.004834378138184547,
    0.03918967768549919,
    0.5446731448173523,
    -0.0022680393885821104,
    -0.0002774341846816242,
    0.0003329206083435565,
    -0.004834380466490984,
    0.03919210657477379,
    0.5446745753288269,
    -0.0022697029635310173,
    -0.0002774341846816242,
    0.0003329206083435565,
    -0.004834381863474846
  ],
  "std": [
    0.4196445941925049,
    0.2405082881450653,
    0.3864557147026062,
    0.6634989380836487,
    2.548262596130371,
    0.0027154625859111547,
    0.41964343190193176,
    0.24050763249397278,
    0.3864547610282898,
    0.6634989380836487,
    2.548262596130371,
    0.0027154593262821436,
    0.4196423590183258,
    0.24050696194171906,
    0.3864516317844391,
    0.6634989380836487,
    2.548262596130371,
    0.0027154579292982817,
    0.4196406900882721,
    0.240507110953331,
    0.38645100593566895,
    0.6634989380836487,
    2.548262596130371,
    0.002715455135330558,
    0.41963937878608704,
    0.24050642549991608,
    0.38645032048225403,
    0.6634989380836487,
    2.548262596130371,
    0.0027154518757015467,
    0.419637531042099,
    0.24050579965114594,
    0.38644975423812866,
    0.6634989380836487,
    2.548262596130371,
    0.00271544954739511,
    0.4196361303329468,
    0.2405051290988922,
    0.38644909858703613,
    0.6634989380836487,
    2.548262596130371,
    0.0027154465205967426,
    0.4196350872516632,
    0.24050450325012207,
    0.3864484429359436,
    0.6634989380836487,
    2.548262596130371,
    0.0027154439594596624,
    0.4196339249610901,
    0.24050363898277283,
    0.386447548866272,
    0.6634989380836487,
    2.548262596130371,
    0.002715442096814513,
    0.41963300108909607,
    0.24050293862819672,
    0.38644689321517944,
    0.6634989380836487,
    2.548262596130371,
    0.0027154397685080767,
    0.41963163018226624,
    0.2405022531747818,
    0.38644611835479736,
    0.6634989380836487,
    2.548262596130371,
    0.0027154376730322838,
    0.419630229473114,
    0.24050158262252808,
    0.38644543290138245,
    0.6634989380836487,
    2.548262596130371,
    0.0027154365088790655
  ],
  "hidden": 128,
  "dropout": 0.0,
  "lr": 0.0003,
  "weight_decay": 1e-06,
  "train_dyn_csvs": [
    "out/dynamic_prbs_data.csv"
  ],
  "val_dyn_csvs": [
    "out/dynamic_multi_data.csv"
  ],
  "test_dyn_csvs": [
    "out/dynamic_cyrip_data.csv"
  ],
  "static_csvs": [
    "out/static1_data.csv",
    "out/static2_data.csv"
  ],
  "ss_lambda": 0.03,
  "ss_theta_eps": 0.01,
  "ss_z_eps": 0.002,
  "rollout_teacher_beta": 0.2,
  "theta_train_minmax": [
    -0.6959149949305471,
    0.7249263184482777
  ],
  "dt_est": 0.004997253417975855,
  "pressure_limits": {
    "p_max_each_side_MPa": null,
    "ps_rate_limit_MPa_s": null,
    "pd_rate_limit_MPa_s": null
  }
}