{
  "train": {
    "rmse": 0.017218573276297413,
    "mae": 0.011027609929442406,
    "bias": -0.0025213665794581175
  },
  "val": {
    "rmse": 0.018845124179608652,
    "mae": 0.014240916818380356,
    "bias": -0.009206872433423996
  },
  "test": {
    "rmse": 0.019404235246039223,
    "mae": 0.014443864114582539,
    "bias": -0.0060873934999108315
  },
  "rollout_test": {
    "rmse": 0.15669826844123935,
    "mae": 0.12760686384322328,
    "bias": -0.08640791344573584,
    "n": 1201
  }
}