{
  "feature_names_single_slice": [
    "theta[rad]",
    "p_sum[MPa]",
    "p_diff[MPa]",
    "dp_sum[MPa/s]",
    "dp_diff[MPa/s]",
    "dz[m]"
  ],
  "lags": 14,
  "delay": 3,
  "mu": [
    0.0391666404902935,
    0.5446609258651733,
    -0.0022531042341142893,
    -0.00027743878308683634,
    0.0003329261380713433,
    -0.00483437767252326,
    0.03916924074292183,
    0.5446622371673584,
    -0.002254767809063196,
    -0.00027743878308683634,
    0.0003329261380713433,
    -0.004834382329136133,
    0.03917183727025986,
    0.544663667678833,
    -0.0022564316168427467,
    -0.00027743878308683634,
    0.0003329261380713433,
    -0.004834386054426432,
    0.03917437419295311,
    0.5446649789810181,
    -0.0022580951917916536,
    -0.00027743878308683634,
    0.0003329261380713433,
    -0.00483438977971673,
    0.039176903665065765,
    0.5446663498878479,
    -0.0022597587667405605,
    -0.00027743878308683634,
    0.0003329261380713433,
    -0.004834392108023167,
    0.03917943313717842,
    0.5446677803993225,
    -0.0022614223416894674,
    -0.00027743878308683634,
    0.0003329261380713433,
    -0.004834395833313465,
    0.03918195888400078,
    0.5446690917015076,
    -0.002263086149469018,
    -0.00027743878308683634,
    0.0003329261380713433,
    -0.004834398627281189,
    0.03918442130088806,
    0.5446704626083374,
    -0.002264749724417925,
    -0.00027743878308683634,
    0.0003329261380713433,
    -0.0048344009555876255,
    0.03918687254190445,
    0.5446718335151672,
    -0.0022664132993668318,
    -0.00027743878308683634,
    0.0003329261380713433,
    -0.004834403749555349,
    0.03918932005763054,
    0.5446732044219971,
    -0.0022680771071463823,
    -0.00027743878308683634,
    0.0003329261380713433,
    -0.004834406543523073,
    0.03919176757335663,
    0.5446745753288269,
    -0.0022697406820952892,
    -0.00027743878308683634,
    0.0003329261380713433,
    -0.00483440887182951,
    0.03919413685798645,
    0.5446759462356567,
    -0.002271404257044196,
    -0.00027743878308683634,
    0.0003329261380713433,
    -0.004834411200135946,
    0.03919648006558418,
    0.5446773171424866,
    -0.0022730680648237467,
    -0.00027743878308683634,
    0.0003329261380713433,
    -0.004834412131458521,
    0.039198826998472214,
    0.5446786880493164,
    -0.0022747316397726536,
    -0.00027743878308683634,
    0.0003329261380713433,
    -0.004834412597119808
  ],
  "std": [
    0.4196469187736511,
    0.24050964415073395,
    0.38645797967910767,
    0.663504421710968,
    2.548283815383911,
    0.0027154735289514065,
    0.41964587569236755,
    0.24050895869731903,
    0.38645485043525696,
    0.663504421710968,
    2.548283815383911,
    0.002715469105169177,
    0.41964438557624817,
    0.24050910770893097,
    0.38645419478416443,
    0.663504421710968,
    2.548283815383911,
    0.002715465147048235,
    0.4196428060531616,
    0.24050842225551605,
    0.3864535391330719,
    0.663504421710968,
    2.548283815383911,
    0.002715461887419224,
    0.41964104771614075,
    0.2405078113079071,
    0.3864530026912689,
    0.663504421710968,
    2.548283815383911,
    0.002715459791943431,
    0.4196396470069885,
    0.2405071258544922,
    0.386452317237854,
    0.663504421710968,
    2.548283815383911,
    0.0027154574636369944,
    0.41963866353034973,
    0.24050651490688324,
    0.3864516615867615,
    0.663504421710968,
    2.548283815383911,
    0.0027154553681612015,
    0.41963738203048706,
    0.2405056357383728,
    0.38645073771476746,
    0.663504421710968,
    2.548283815383911,
    0.0027154528070241213,
    0.41963624954223633,
    0.2405049353837967,
    0.3864500820636749,
    0.663504421710968,
    2.548283815383911,
    0.0027154518757015467,
    0.4196350574493408,
    0.24050426483154297,
    0.38644930720329285,
    0.663504421710968,
    2.548283815383911,
    0.0027154504787176847,
    0.41963374614715576,
    0.24050357937812805,
    0.3864486515522003,
    0.663504421710968,
    2.548283815383911,
    0.0027154486160725355,
    0.41963261365890503,
    0.24050290882587433,
    0.38644787669181824,
    0.663504421710968,
    2.548283815383911,
    0.0027154474519193172,
    0.4196317195892334,
    0.2405022233724594,
    0.38644781708717346,
    0.663504421710968,
    2.548283815383911,
    0.002715447684749961,
    0.4196300208568573,
    0.24050146341323853,
    0.38644859194755554,
    0.663504421710968,
    2.548283815383911,
    0.0027154472190886736
  ],
  "hidden": 128,
  "dropout": 0.0,
  "lr": 0.0003,
  "weight_decay": 1e-06,
  "train_dyn_csvs": [
    "out/dynamic_prbs_data.csv"
  ],
  "val_dyn_csvs": [
    "out/dynamic_multi_data.csv"
  ],
  "test_dyn_csvs": [
    "out/dynamic_cyrip_data.csv"
  ],
  "static_csvs": [
    "out/static1_data.csv",
    "out/static2_data.csv"
  ],
  "ss_lambda": 0.03,
  "ss_theta_eps": 0.01,
  "ss_z_eps": 0.002,
  "rollout_teacher_beta": 0.2,
  "theta_train_minmax": [
    -0.6959149949305471,
    0.7249263184482777
  ],
  "dt_est": 0.004997253417975855,
  "pressure_limits": {
    "p_max_each_side_MPa": null,
    "ps_rate_limit_MPa_s": null,
    "pd_rate_limit_MPa_s": null
  }
}