{
  "model": "inv_rbf",
  "rmse_ps": 0.24419080399181578,
  "mae_ps": 0.23839254265602952,
  "rmse_pd": 0.38830896504064993,
  "mae_pd": 0.34605589402008435,
  "rmse_p1": 0.22891123640492714,
  "rmse_p2": 0.22979587983713418,
  "n_centers": 40,
  "length": 0.6
}