{
  "model": "Inv_NLSS_GRU",
  "rmse_ps": 0.24177034199237823,
  "mae_ps": 0.23560087382793427,
  "rmse_pd": 0.386228084564209,
  "mae_pd": 0.34379395842552185,
  "rmse_p1": 0.2290353924036026,
  "rmse_p2": 0.22661711275577545,
  "hidden": 32,
  "epochs": 80
}