{
  "model": "Inv_ARX",
  "rmse_ps": 0.24028260873898058,
  "mae_ps": 0.23555017900766917,
  "rmse_pd": 0.38592548972556656,
  "mae_pd": 0.3435855799323311,
  "rmse_p1": 0.22875905154075393,
  "rmse_p2": 0.225845974459008,
  "lag": 3,
  "degree": 1,
  "coef": [
    [
      -0.0007526349461205866,
      -1.9939153996588078e-05,
      0.0007868014524168224,
      -2.7083772733570823,
      -0.31683803000493094,
      0.5078904541196326
    ],
    [
      -0.0007625645777835479,
      -0.00016054499705556557,
      0.00010145149329424623,
      -13.45482585961257,
      -0.4667910275802975,
      11.288358579162583
    ]
  ],
  "intercept": [
    2.594343432040766,
    2.143081833961082
  ]
}