{
  "model": "inv_mononn",
  "rmse_ps": 0.2452854400552816,
  "mae_ps": 0.23944506121209935,
  "rmse_pd": 0.3876957650515529,
  "mae_pd": 0.34541968251897026,
  "rmse_p1": 0.22880231322151592,
  "rmse_p2": 0.22996951566565152,
  "epochs": 250,
  "lam_feas": 0.1
}