{
  "model": "inv_poly",
  "rmse_ps": 0.24270115246386598,
  "mae_ps": 0.2380707172359699,
  "rmse_pd": 0.3870584608299903,
  "mae_pd": 0.3450886143823967,
  "rmse_p1": 0.2281318174487413,
  "rmse_p2": 0.22872456059902943,
  "degree": 3,
  "alpha": 0.001
}