{
  "model": "inv_gp",
  "rmse_ps": 0.27256072815873006,
  "mae_ps": 0.24376705845286537,
  "rmse_pd": 0.43550555453305917,
  "mae_pd": 0.368765390315797,
  "rmse_p1": 0.2575140578793066,
  "rmse_p2": 0.2562493498066198,
  "gp_maxn": 8000
}