{
  "model": "Inv_Koopman_EDMD",
  "rmse_ps": 0.24038394667256077,
  "mae_ps": 0.23573642192376257,
  "rmse_pd": 0.3864235677148153,
  "mae_pd": 0.344041324437068,
  "rmse_p1": 0.22900319713486206,
  "rmse_p2": 0.226078179959219,
  "degree": 2
}