{
  "model": "Inv_ARX",
  "rmse_ps": 0.24024114620925513,
  "mae_ps": 0.23547913202080598,
  "rmse_pd": 0.38588202492146884,
  "mae_pd": 0.3435551209485553,
  "rmse_p1": 0.2287252759991583,
  "rmse_p2": 0.2258209929652771,
  "lag": 2,
  "degree": 2,
  "coef": [
    [
      0.0,
      -0.1594537631352794,
      0.20844215260503698,
      -2.3971828748667527,
      -1.4164431573145853,
      0.0004193590416558738,
      -0.0006752184648530428,
      -2.164277779324136,
      2.3596636552759884,
      0.0002589793976785349,
      1.8770220928430814,
      -2.1325580808800404,
      -0.5782489048720084,
      0.23724738134959691,
      1.0537909485547459
    ],
    [
      0.0,
      0.17903359217284515,
      -0.2174778268620853,
      -4.561651392358279,
      0.8352201327329036,
      0.00113678515763644,
      -0.002100365777979046,
      -0.30262160264470145,
      0.08097644891800283,
      0.0009756022585717916,
      0.13717980267672802,
      0.13057102305153295,
      -4.3281822346827195,
      0.05770456565992381,
      4.464639933687849
    ]
  ],
  "intercept": [
    3.173965894195475,
    2.896975908220018
  ]
}