{
  "model": "inv_pwa",
  "rmse_ps": 0.24320239501796095,
  "mae_ps": 0.23810941668200727,
  "rmse_pd": 0.38854042493551716,
  "mae_pd": 0.34618116251090125,
  "rmse_p1": 0.22902718314702256,
  "rmse_p2": 0.22935143940144015,
  "n_bins": 10
}