{
  "results": [
    {
      "model": "Inv_ARX",
      "rmse_ps": 0.24024114620925513,
      "mae_ps": 0.23547913202080598,
      "rmse_pd": 0.38588202492146884,
      "mae_pd": 0.3435551209485553,
      "rmse_p1": 0.2287252759991583,
      "rmse_p2": 0.2258209929652771,
      "lag": 2,
      "degree": 2,
      "coef": [
        [
          0.0,
          -0.1594537631352794,
          0.20844215260503698,
          -2.3971828748667527,
          -1.4164431573145853,
          0.0004193590416558738,
          -0.0006752184648530428,
          -2.164277779324136,
          2.3596636552759884,
          0.0002589793976785349,
          1.8770220928430814,
          -2.1325580808800404,
          -0.5782489048720084,
          0.23724738134959691,
          1.0537909485547459
        ],
        [
          0.0,
          0.17903359217284515,
          -0.2174778268620853,
          -4.561651392358279,
          0.8352201327329036,
          0.00113678515763644,
          -0.002100365777979046,
          -0.30262160264470145,
          0.08097644891800283,
          0.0009756022585717916,
          0.13717980267672802,
          0.13057102305153295,
          -4.3281822346827195,
          0.05770456565992381,
          4.464639933687849
        ]
      ],
      "intercept": [
        3.173965894195475,
        2.896975908220018
      ]
    },
    {
      "model": "Inv_ARX",
      "rmse_ps": 0.24028260873898058,
      "mae_ps": 0.23555017900766917,
      "rmse_pd": 0.38592548972556656,
      "mae_pd": 0.3435855799323311,
      "rmse_p1": 0.22875905154075393,
      "rmse_p2": 0.225845974459008,
      "lag": 3,
      "degree": 1,
      "coef": [
        [
          -0.0007526349461205866,
          -1.9939153996588078e-05,
          0.0007868014524168224,
          -2.7083772733570823,
          -0.31683803000493094,
          0.5078904541196326
        ],
        [
          -0.0007625645777835479,
          -0.00016054499705556557,
          0.00010145149329424623,
          -13.45482585961257,
          -0.4667910275802975,
          11.288358579162583
        ]
      ],
      "intercept": [
        2.594343432040766,
        2.143081833961082
      ]
    },
    {
      "model": "Inv_Koopman_EDMD",
      "rmse_ps": 0.24038394667256077,
      "mae_ps": 0.23573642192376257,
      "rmse_pd": 0.3864235677148153,
      "mae_pd": 0.344041324437068,
      "rmse_p1": 0.22900319713486206,
      "rmse_p2": 0.226078179959219,
      "degree": 2
    },
    {
      "model": "Inv_NLSS_GRU",
      "rmse_ps": 0.24177034199237823,
      "mae_ps": 0.23560087382793427,
      "rmse_pd": 0.386228084564209,
      "mae_pd": 0.34379395842552185,
      "rmse_p1": 0.2290353924036026,
      "rmse_p2": 0.22661711275577545,
      "hidden": 32,
      "epochs": 80
    },
    {
      "model": "inv_poly",
      "rmse_ps": 0.24270115246386598,
      "mae_ps": 0.2380707172359699,
      "rmse_pd": 0.3870584608299903,
      "mae_pd": 0.3450886143823967,
      "rmse_p1": 0.2281318174487413,
      "rmse_p2": 0.22872456059902943,
      "degree": 3,
      "alpha": 0.001
    },
    {
      "model": "inv_pwa",
      "rmse_ps": 0.24320239501796095,
      "mae_ps": 0.23810941668200727,
      "rmse_pd": 0.38854042493551716,
      "mae_pd": 0.34618116251090125,
      "rmse_p1": 0.22902718314702256,
      "rmse_p2": 0.22935143940144015,
      "n_bins": 10
    },
    {
      "model": "inv_rbf",
      "rmse_ps": 0.24419080399181578,
      "mae_ps": 0.23839254265602952,
      "rmse_pd": 0.38830896504064993,
      "mae_pd": 0.34605589402008435,
      "rmse_p1": 0.22891123640492714,
      "rmse_p2": 0.22979587983713418,
      "n_centers": 40,
      "length": 0.6
    },
    {
      "model": "inv_mononn",
      "rmse_ps": 0.2452854400552816,
      "mae_ps": 0.23944506121209935,
      "rmse_pd": 0.3876957650515529,
      "mae_pd": 0.34541968251897026,
      "rmse_p1": 0.22880231322151592,
      "rmse_p2": 0.22996951566565152,
      "epochs": 250,
      "lam_feas": 0.1
    },
    {
      "model": "inv_gp",
      "rmse_ps": 0.27256072815873006,
      "mae_ps": 0.24376705845286537,
      "rmse_pd": 0.43550555453305917,
      "mae_pd": 0.368765390315797,
      "rmse_p1": 0.2575140578793066,
      "rmse_p2": 0.2562493498066198,
      "gp_maxn": 8000
    }
  ],
  "N": 180337,
  "dt": 0.01,
  "val_ratio": 0.2,
  "note": "metrics include feasibility-projected predictions"
}