{
  "model": "NARX",
  "degree": 2,
  "coef": [
    -0.03573653464176472,
    1.4518906516431738,
    -0.14963015421636675,
    -0.3073272201306907,
    -0.016276067043160335,
    0.20537224943797047,
    0.43528407516438694,
    -1.3706800468494704,
    -0.5972974433380267,
    2.8941570915445607,
    0.0022948769484842303,
    0.0033217283742435883,
    -0.00736045297310974,
    0.22291615703894851,
    -1.4735454766006932,
    1.6924332235206065,
    1.9560237889887722,
    -2.122528400054085,
    -0.5346772406243279,
    -0.005878569420801056,
    0.008991732006688305,
    0.9485671031576319,
    1.6557273091859845,
    -4.238332583000037,
    0.5471432688680303,
    3.3691687596893436,
    -2.1759697525820747,
    -0.0013038572879483941,
    -1.1567726400808858,
    -0.17571122491532137,
    2.5577254367564928,
    -2.5062703053565643,
    -1.3123268288654482,
    2.7045576623562435,
    0.5927158250679889,
    0.8199131796278124,
    -2.217974515749349,
    -4.236195999922201,
    1.2313793697331008,
    2.0284540875975132,
    -0.37837241078921524,
    0.9781617241993167,
    0.9169668851932249,
    -0.9418160621943871,
    -0.5561952010112354,
    2.0040584719230914,
    0.5679617711869109,
    -2.5701719592751564,
    0.422015742185094,
    0.6969343686297519,
    -0.20208746887063148,
    -1.597730174050278,
    1.1797610010471098,
    1.0805144093420644,
    0.7808965723277381
  ],
  "lag_y": 3,
  "lag_u": 3,
  "delay": 0
}