{
  "slsqp": {
    "x": [
      0.29958521345189343,
      0.2995902138608041,
      0.29927177614543493,
      0.2992733583780852,
      0.294541703885314,
      0.2945441500095149,
      0.28960083708791123,
      0.28961440472838473,
      0.2893071700960517,
      0.2893098694899484,
      0.28989243249260976,
      0.2899005053911477,
      0.31181769532866066,
      0.31183222077106576,
      0.30756281202380953,
      0.30756249139586167,
      0.2905538175234419,
      0.2905587498648957,
      0.29041780614147095,
      0.2904223180153698
    ],
    "fun": 8.363096024932375,
    "nit": 70,
    "success": false,
    "message": "Positive directional derivative for linesearch",
    "theta_roll": [
      -0.4127084016799927,
      -0.4078804850578308,
      -0.4035338759422302,
      -0.4094245433807373,
      -0.42034733295440674,
      -0.4150316119194031,
      -0.40075623989105225,
      -0.4130367040634155,
      -0.41417884826660156,
      -0.41740959882736206
    ],
    "theta_ref": [
      -0.3824425501908804,
      -0.3291877609868839,
      -0.24624148215856098,
      -0.14172307339833518,
      -0.02586352477823156,
      0.08999602384187216,
      0.19451443260209794,
      0.2774607114304209,
      0.3307155006344174,
      0.3490658503988659
    ],
    "theta_terminal": -0.41740959882736206,
    "theta_err_terminal": -0.766475449226228,
    "ps_seq": [
      0.29958521345189343,
      0.29927177614543493,
      0.294541703885314,
      0.28960083708791123,
      0.2893071700960517,
      0.28989243249260976,
      0.31181769532866066,
      0.30756281202380953,
      0.2905538175234419,
      0.29041780614147095
    ],
    "pd_seq": [
      0.2995902138608041,
      0.2992733583780852,
      0.2945441500095149,
      0.28961440472838473,
      0.2893098694899484,
      0.2899005053911477,
      0.31183222077106576,
      0.30756249139586167,
      0.2905587498648957,
      0.2904223180153698
    ],
    "J_term": 0.5874846142665481,
    "J_path": 2.48766998818214,
    "J_z": 3.812781666750165e-05,
    "J_rate": 0.0016713846895640503
  },
  "trust_constr": {
    "x": [
      0.2999982429582434,
      0.3000016134505882,
      0.2999983610078553,
      0.3000017483954688,
      0.2999985214661577,
      0.30000005773116506,
      0.29999574919969335,
      0.30000023138044196,
      0.29999962191477175,
      0.30000146528312066,
      0.29999830336506506,
      0.30000154014785485,
      0.29999678902561366,
      0.3000015035227543,
      0.2999995090956847,
      0.3000013614372499,
      0.29999948860860004,
      0.2999999788959931,
      0.29999871965280783,
      0.3000003021544531
    ],
    "fun": 8.706961320908363,
    "nit": 172,
    "success": true,
    "message": "`xtol` termination condition is satisfied.",
    "theta_roll": [
      -0.4131820797920227,
      -0.4082791209220886,
      -0.4102550148963928,
      -0.4165799617767334,
      -0.42058563232421875,
      -0.4181763529777527,
      -0.42378008365631104,
      -0.42669057846069336,
      -0.43140000104904175,
      -0.4327876567840576
    ],
    "theta_ref": [
      -0.3824425501908804,
      -0.3291877609868839,
      -0.24624148215856098,
      -0.14172307339833518,
      -0.02586352477823156,
      0.08999602384187216,
      0.19451443260209794,
      0.2774607114304209,
      0.3307155006344174,
      0.3490658503988659
    ],
    "theta_terminal": -0.4327876567840576,
    "theta_err_terminal": -0.7818535071829236,
    "ps_seq": [
      0.2999982429582434,
      0.2999983610078553,
      0.2999985214661577,
      0.29999574919969335,
      0.29999962191477175,
      0.29999830336506506,
      0.29999678902561366,
      0.2999995090956847,
      0.29999948860860004,
      0.29999871965280783
    ],
    "pd_seq": [
      0.3000016134505882,
      0.3000017483954688,
      0.30000005773116506,
      0.30000023138044196,
      0.30000146528312066,
      0.30000154014785485,
      0.3000015035227543,
      0.3000013614372499,
      0.2999999788959931,
      0.3000003021544531
    ],
    "J_term": 0.6112949066942379,
    "J_path": 2.5939239091457598,
    "J_z": 3.9151795671560355e-05,
    "J_rate": 4.691176003924402e-11
  },
  "powell": {
    "x": [
      0.32883667282697815,
      -0.32883681626554057,
      0.33383874455648865,
      0.3338386833416091,
      0.4814429708940916,
      -0.4689469258918607,
      0.41380085576279957,
      0.41380122927527807,
      0.338153419777942,
      -0.3381536850739557,
      0.3198603347046439,
      0.3198602596539721,
      0.4606074908461709,
      -0.46060712490586964,
      0.3144873204601935,
      0.3144875687888584,
      0.3103552746977927,
      -0.26519739558604205,
      0.4500296748235161,
      0.2956880286485912
    ],
    "fun": 0.45750218034652357,
    "nit": 2,
    "success": true,
    "message": "Optimization terminated successfully.",
    "theta_roll": [
      -0.3173806071281433,
      -0.1736740916967392,
      -0.2818731665611267,
      -0.12335625290870667,
      -0.25018060207366943,
      0.08574459701776505,
      -0.040456563234329224,
      -0.03583730757236481,
      -0.015015080571174622,
      0.34774428606033325
    ],
    "theta_ref": [
      -0.3824425501908804,
      -0.3291877609868839,
      -0.24624148215856098,
      -0.14172307339833518,
      -0.02586352477823156,
      0.08999602384187216,
      0.19451443260209794,
      0.2774607114304209,
      0.3307155006344174,
      0.3490658503988659
    ],
    "theta_terminal": 0.34774428606033325,
    "theta_err_terminal": -0.0013215643385326437,
    "ps_seq": [
      0.32883667282697815,
      0.33383874455648865,
      0.4814429708940916,
      0.41380085576279957,
      0.338153419777942,
      0.3198603347046439,
      0.4606074908461709,
      0.3144873204601935,
      0.3103552746977927,
      0.4500296748235161
    ],
    "pd_seq": [
      -0.32883681626554057,
      0.3338386833416091,
      -0.4689469258918607,
      0.41380122927527807,
      -0.3381536850739557,
      0.3198602596539721,
      -0.46060712490586964,
      0.3144875687888584,
      -0.26519739558604205,
      0.2956880286485912
    ],
    "J_term": 1.746532300881224e-06,
    "J_path": 0.3532591395043433,
    "J_z": 7.0684173625973e-05,
    "J_rate": 5.21119348502027
  },
  "de": {
    "x": [
      0.4884249565637115,
      -0.2756065729568212,
      0.5159487193671581,
      0.5002829812076534,
      0.6277181441371608,
      -0.05590656158183789,
      0.7465969291586512,
      -0.4018662266084446,
      0.708495824146005,
      0.13302553513229878,
      0.7500482417502848,
      -0.6121378521227999,
      0.7526090534814456,
      0.10362132584285734,
      0.7800187298640995,
      0.589295743314897,
      1.04120548892744,
      -0.32688056514070807,
      1.1493372762506657,
      0.1548247077132634
    ],
    "fun": 0.22205470812558614,
    "nit": 150,
    "success": false,
    "message": "differential_evolution",
    "theta_roll": [
      -0.287861704826355,
      -0.13600459694862366,
      -0.2992682456970215,
      -0.2605631947517395,
      0.0015602782368659973,
      -0.07937416434288025,
      0.12871013581752777,
      0.1799650341272354,
      0.18757696449756622,
      0.3816494941711426
    ],
    "theta_ref": [
      -0.3824425501908804,
      -0.3291877609868839,
      -0.24624148215856098,
      -0.14172307339833518,
      -0.02586352477823156,
      0.08999602384187216,
      0.19451443260209794,
      0.2774607114304209,
      0.3307155006344174,
      0.3490658503988659
    ],
    "theta_terminal": 0.3816494941711426,
    "theta_err_terminal": 0.03258364377227668,
    "ps_seq": [
      0.4884249565637115,
      0.5159487193671581,
      0.6277181441371608,
      0.7465969291586512,
      0.708495824146005,
      0.7500482417502848,
      0.7526090534814456,
      0.7800187298640995,
      1.04120548892744,
      1.1493372762506657
    ],