{
  "model": "NARX",
  "degree": 2,
  "coef": [
    -0.05017966616354238,
    1.6529999732231409,
    -0.6591149311054125,
    0.30926441660717724,
    -0.6459094176024245,
    -0.5684705632937287,
    3.1986280914354652,
    0.004525635406925423,
    -0.007853426211405142,
    1.091011014626153,
    0.1050573285425412,
    -1.4954850688783075,
    -0.13989322586103192,
    0.0034278124524898326,
    -1.0995077616398419,
    -0.09794156734779333,
    1.4454045987102764,
    0.1305051242165853,
    0.17411266348577584,
    -4.615953995606615,
    -0.33448000884621626,
    8.52178856551933,
    1.511819333326652,
    2.999138231589536,
    -2.589137915595811,
    0.4804249049898551,
    -6.136858620109225,
    0.7443889766792523
  ],
  "lag_y": 2,
  "lag_u": 2,
  "delay": 3,
  "T0": 5,
  "poly_feature_names": [
    "1",
    "x0",
    "x1",
    "x2",
    "x3",
    "x4",
    "x5",
    "x0^2",
    "x0 x1",
    "x0 x2",
    "x0 x3",
    "x0 x4",
    "x0 x5",
    "x1^2",
    "x1 x2",
    "x1 x3",
    "x1 x4",
    "x1 x5",
    "x2^2",
    "x2 x3",
    "x2 x4",
    "x2 x5",
    "x3^2",
    "x3 x4",
    "x3 x5",
    "x4^2",
    "x4 x5",
    "x5^2"
  ],
  "z_coef": [
    -0.0040566184844982095,
    -0.004378934584367923,
    -0.0023886582935909112,
    0.0014640951940594435,
    -0.004823413350686418,
    0.010669640265751946
  ],
  "z_feat_names": [
    "1",
    "ps",
    "pd",
    "ps*pd",
    "ps^2",
    "pd^2"
  ],
  "z_mode": "learn",
  "z_feat": "quad",
  "z_metrics": {
    "rmse_tr": 0.0019798837506319633,
    "mae_tr": 0.0013669903068711743,
    "r2_tr": 0.6405999865808389,
    "rmse_va": 0.002461789105416338,
    "mae_va": 0.001828223455256212,
    "r2_va": 0.5304916085984019
  }
}