{
  "train": {
    "rmse": 0.015498362454156143,
    "mae": 0.010146605782210827,
    "bias": -0.0016257977113127708
  },
  "val": {
    "rmse": 0.015711284421107075,
    "mae": 0.011796178296208382,
    "bias": -0.008619184605777264
  },
  "test": {
    "rmse": 0.019288907993326675,
    "mae": 0.01454908400774002,
    "bias": -0.009611052460968494
  },
  "rollout_test": {
    "rmse": 0.14752368070684732,
    "mae": 0.12861154780000217,
    "bias": -0.05779282751963973,
    "n": 1201
  }
}