{
  "train": {
    "rmse": 0.018301021307706833,
    "mae": 0.014789369888603687,
    "bias": 0.001221385202370584
  },
  "val": {
    "rmse": 0.02124357596039772,
    "mae": 0.01636889949440956,
    "bias": -0.003724719164893031
  },
  "test": {
    "rmse": 0.03361102566123009,
    "mae": 0.033529140055179596,
    "bias": -0.03350819647312164
  },
  "rollout_test": {
    "rmse": 0.06319375604895817,
    "mae": 0.06317747555944146,
    "bias": -0.06317747555944146,
    "n": 1201
  }
}