{
  "train": {
    "rmse": 0.021429069340229034,
    "mae": 0.017203710973262787,
    "bias": -0.00048144051106646657
  },
  "val": {
    "rmse": 0.022827787324786186,
    "mae": 0.018139636144042015,
    "bias": -0.006771644577383995
  },
  "test": {
    "rmse": 0.01957920752465725,
    "mae": 0.01578196883201599,
    "bias": -0.00663249846547842
  },
  "rollout_test": {
    "rmse": 0.5386721773288049,
    "mae": 0.49985364780460684,
    "bias": -0.021294756981101653,
    "n": 1201
  }
}