{
  "model_type": "NARX_MLP_p1p2_cmd",
  "feature_names_single_slice": [
    "theta[rad]",
    "p1_cmd[MPa]",
    "p2_cmd[MPa]",
    "dp1_cmd_dt[MPa/s]",
    "dp2_cmd_dt[MPa/s]"
  ],
  "lags": 24,
  "delay": 17,
  "delay_measured_ms": 83.58,
  "mu": [
    -0.11771737039089203,
    0.3706072270870209,
    0.28777316212654114,
    0.00013774691615253687,
    0.000146525475429371,
    -0.11772045493125916,
    0.37060657143592834,
    0.28777241706848145,
    0.00012142903869971633,
    0.00015912151138763875,
    -0.11772344261407852,
    0.37060603499412537,
    0.2877715826034546,
    0.00010401088366052136,
    0.00017261321772821248,
    -0.11772654950618744,
    0.3706055283546448,
    0.28777068853378296,
    8.650250674691051e-05,
    0.00018601937335915864,
    -0.11772964149713516,
    0.3706051707267761,
    0.28776973485946655,
    6.946759094716981e-05,
    0.00019880157196894288,
    -0.11773280054330826,
    0.37060487270355225,
    0.28776872158050537,
    5.39295760972891e-05,
    0.00020993825455661863,
    -0.1177358403801918,
    0.37060466408729553,
    0.2877676486968994,
    4.056806210428476e-05,
    0.00021876665414310992,
    -0.1177389919757843,
    0.3706044554710388,
    0.2877665162086487,
    2.9571338018286042e-05,
    0.00022507630637846887,
    -0.11774222552776337,
    0.37060436606407166,
    0.28776541352272034,
    2.0793446310563013e-05,
    0.00022906660160515457,
    -0.11774549633264542,
    0.3706042766571045,
    0.28776422142982483,
    1.3730645150644705e-05,
    0.00023131487250793725,
    -0.1177486702799797,
    0.3706042468547821,
    0.2877630889415741,
    7.611592536704848e-06,
    0.00023255714040715247,
    -0.11775191873311996,
    0.3706042468547821,
    0.287761926651001,
    1.563884325150866e-06,
    0.00023372085706796497,
    -0.11775527894496918,
    0.3706042468547821,
    0.28776076436042786,
    -4.651580638892483e-06,
    0.00023624746245332062,
    -0.11775866150856018,
    0.3706042468547821,
    0.28775954246520996,
    -1.0518459021113813e-05,
    0.0002419694937998429,
    -0.11776194721460342,
    0.37060436606407166,
    0.28775835037231445,
    -1.7046966604539193e-05,
    0.0002507796452846378,
    -0.11776529997587204,
    0.3706044554710388,
    0.2877570390701294,
    -2.374058385612443e-05,
    0.00025625305715948343,
    -0.11776875704526901,
    0.37060460448265076,
    0.2877557575702667,
    -3.032054337381851e-05,
    0.0002581555163487792,
    -0.11777224391698837,
    0.3706047534942627,
    0.28775444626808167,
    -3.8206635508686304e-05,
    0.0002614133118186146,
    -0.11777560412883759,
    0.3706049919128418,
    0.2877531349658966,
    -4.6692995965713635e-05,
    0.00026534206699579954,
    -0.11777904629707336,
    0.3706052601337433,
    0.28775179386138916,
    -5.4817297495901585e-05,
    0.0002690994879230857,
    -0.1177826002240181,
    0.3706055283546448,
    0.2877504229545593,
    -6.19411002844572e-05,
    0.0002720060001593083,
    -0.11778618395328522,
    0.3706059157848358,
    0.2877490818500519,
    -6.753377238055691e-05,
    0.00027351974858902395,
    -0.11778964102268219,
    0.3706062436103821,
    0.28774771094322205,
    -7.123876275727525e-05,
    0.0002733220171649009,
    -0.11779309809207916,
    0.3706066310405731,
    0.2877463400363922,
    -7.306018233066425e-05,
    0.00027146280626766384
  ],
  "std": [
    0.3319813907146454,
    0.24280652403831482,
    0.23447109758853912,
    2.0585765838623047,
    2.0663604736328125,
    0.3319796323776245,
    0.24280506372451782,
    0.23447011411190033,
    2.0585649013519287,
    2.0663599967956543,
    0.33197787404060364,
    0.24280372262001038,
    0.23446904122829437,
    2.058561325073242,
    2.0663514137268066,
    0.3319758176803589,
    0.24280241131782532,
    0.23446856439113617,
    2.0585453510284424,
    2.066342830657959,
    0.3319738209247589,
    0.24280110001564026,
    0.23446810245513916,
    2.05853009223938,
    2.0663342475891113,
    0.331971675157547,
    0.24279972910881042,
    0.23446759581565857,
    2.058518648147583,
    2.0663299560546875,
    0.3319700062274933,
    0.24279840290546417,
    0.2344665229320526,
    2.058509349822998,
    2.066324472427368,
    0.3319680690765381,
    0.24279700219631195,
    0.2344653308391571,
    2.058502197265625,
    2.0663187503814697,
    0.3319662809371948,
    0.24279560148715973,
    0.23446425795555115,
    2.0584945678710938,
    2.066312551498413,
    0.3319644629955292,
    0.24279415607452393,
    0.23446333408355713,
    2.0584890842437744,
    2.066305160522461,
    0.3319624960422516,
    0.24279269576072693,
    0.23446208238601685,
    2.0584840774536133,
    2.066296339035034,
    0.33196118474006653,
    0.24279117584228516,
    0.23446087539196014,
    2.058478355407715,
    2.0662875175476074,
    0.3319593369960785,
    0.2427895963191986,
    0.23445960879325867,
    2.058474063873291,
    2.0662784576416016,
    0.33195769786834717,
    0.24278797209262848,
    0.23445826768875122,
    2.0584716796875,
    2.066267728805542,
    0.33195626735687256,
    0.24278634786605835,
    0.23445595800876617,
    2.058469772338867,
    2.0662546157836914,
    0.33195462822914124,
    0.24278469383716583,
    0.23445430397987366,
    2.058466911315918,
    2.066251277923584,
    0.3319533169269562,
    0.2427830547094345,
    0.23445266485214233,
    2.0584616661071777,
    2.066250801086426,
    0.3319512903690338,
    0.24278141558170319,
    0.2344515174627304,
    2.058454751968384,
    2.0662503242492676,
    0.3319496810436249,
    0.24277982115745544,
    0.23445013165473938,
    2.0584471225738525,
    2.0662500858306885,
    0.33194851875305176,
    0.24277818202972412,
    0.23444850742816925,
    2.0584399700164795,
    2.066249132156372,
    0.331947386264801,
    0.2427765429019928,
    0.2344469428062439,
    2.0584349632263184,
    2.0662481784820557,
    0.33194655179977417,
    0.24277491867542267,
    0.23444536328315735,
    2.058431625366211,
    2.0662481784820557,
    0.33194518089294434,
    0.24277324974536896,
    0.23444384336471558,
    2.0584306716918945,
    2.0662481784820557,
    0.33194422721862793,
    0.24277174472808838,
    0.2344426065683365,
    2.0584301948547363,
    2.0662477016448975
  ],
  "hidden": 192,
  "dropout": 0.05,
  "train_dyn_csvs": [
    "dyn_prbs_broad.csv",
    "dyn_multisine_rich.csv",
    "dyn_random_large.csv",
    "dyn_boundary_stress.csv"
  ],
  "val_dyn_csvs": [
    "dyn_chirp_sweep.csv"
  ],
  "test_dyn_csvs": [
    "validation_unseen_freq.csv"
  ],
  "static_csvs": [
    "static_low.csv",
    "static_high.csv"
  ],
  "theta_train_minmax": [
    -0.65802267,
    0.54149518
  ],
  "dt_est": 0.004996059999999858,
  "use_dz": false
}