{
  "model": "NARX",
  "degree": 3,
  "coef": [
    0.11083777000614851,
    1.7837739772562746,
    -0.7651868503795425,
    1.002966805988174,
    -2.2503191454193745,
    -2.0314976472882527,
    1.82539166135477,
    0.018006706678922756,
    -0.03728900851100779,
    3.1192814460873572,
    1.4052453103441032,
    -3.6905383136139243,
    -1.435688597175181,
    0.018730269785692637,
    -3.086189983001847,
    -1.4296158863341601,
    3.492426304027656,
    1.551220402354018,
    -4.103360142161396,
    26.282969588930936,
    6.630805192179634,
    -13.476133636935886,
    -3.9826606317363504,
    -14.54657613037328,
    8.734311293095999,
    -0.9765866077576548,
    15.25075989333506,
    -8.641110661718262,
    -0.006220836506371217,
    0.016541744445881083,
    0.012273678917839585,
    0.22747456858476503,
    -0.052153490242083315,
    -0.10839453059370274,
    -0.015052670992792923,
    -0.047841637941843505,
    -0.34696050846563686,
    0.12598630154470464,
    0.1794245037178447,
    4.822543108596028,
    -13.227497909073943,
    -13.747401277362295,
    13.832401796859186,
    4.6651435479919865,
    11.997230366945159,
    -15.81378773581815,
    9.199644433535171,
    -12.363699806376303,
    8.222817097790992,
    0.004692034785452978,
    0.036219944222284466,
    0.11844752116816265,
    -0.073703304227464,
    -0.06034794123750609,
    -5.144053689528307,
    12.95235066253714,
    14.143762065321033,
    -13.70315190590812,
    -5.451218974437486,
    -11.684641791935087,
    17.37461088525614,
    -9.151245566814058,
    12.099417885203398,
    -9.793896129643393,
    -2.6729562862107468,
    -10.044946133747217,
    15.98206431777861,
    25.398044504992495,
    8.044982970732029,
    -23.499273376766478,
    -4.775403127005915,
    -21.688507166451867,
    -10.657746240153411,
    -1.0872980435667619,
    19.1013735467872,
    -4.5024072578646175,
    -18.303402145508745,
    27.424469746928487,
    -4.205385812300533,
    -28.03668380635997,
    7.764001311433753,
    -20.58703695312028,
    9.824056672945828,
    45.716191017509466
  ],
  "lag_y": 2,
  "lag_u": 2,
  "delay": 5,
  "T0": 7,
  "poly_feature_names": [
    "1",
    "x0",
    "x1",
    "x2",
    "x3",
    "x4",
    "x5",
    "x0^2",
    "x0 x1",
    "x0 x2",
    "x0 x3",
    "x0 x4",
    "x0 x5",
    "x1^2",
    "x1 x2",
    "x1 x3",
    "x1 x4",
    "x1 x5",
    "x2^2",
    "x2 x3",
    "x2 x4",
    "x2 x5",
    "x3^2",
    "x3 x4",
    "x3 x5",
    "x4^2",
    "x4 x5",
    "x5^2",
    "x0^3",
    "x0^2 x1",
    "x0^2 x2",
    "x0^2 x3",
    "x0^2 x4",
    "x0^2 x5",
    "x0 x1^2",
    "x0 x1 x2",
    "x0 x1 x3",
    "x0 x1 x4",
    "x0 x1 x5",
    "x0 x2^2",
    "x0 x2 x3",
    "x0 x2 x4",
    "x0 x2 x5",
    "x0 x3^2",
    "x0 x3 x4",
    "x0 x3 x5",
    "x0 x4^2",
    "x0 x4 x5",
    "x0 x5^2",
    "x1^3",
    "x1^2 x2",
    "x1^2 x3",
    "x1^2 x4",
    "x1^2 x5",
    "x1 x2^2",
    "x1 x2 x3",
    "x1 x2 x4",
    "x1 x2 x5",
    "x1 x3^2",
    "x1 x3 x4",
    "x1 x3 x5",
    "x1 x4^2",
    "x1 x4 x5",
    "x1 x5^2",
    "x2^3",
    "x2^2 x3",
    "x2^2 x4",
    "x2^2 x5",
    "x2 x3^2",
    "x2 x3 x4",
    "x2 x3 x5",
    "x2 x4^2",
    "x2 x4 x5",
    "x2 x5^2",
    "x3^3",
    "x3^2 x4",
    "x3^2 x5",
    "x3 x4^2",
    "x3 x4 x5",
    "x3 x5^2",
    "x4^3",
    "x4^2 x5",
    "x4 x5^2",
    "x5^3"
  ],
  "z_coef": [
    -0.0040566184844982095,
    -0.004378934584367923,
    -0.0023886582935909112,
    0.0014640951940594435,
    -0.004823413350686418,
    0.010669640265751946
  ],
  "z_feat_names": [
    "1",
    "ps",
    "pd",
    "ps*pd",
    "ps^2",
    "pd^2"
  ],
  "z_mode": "learn",
  "z_feat": "quad",
  "z_metrics": {
    "rmse_tr": 0.0019798837506319633,
    "mae_tr": 0.0013669903068711743,
    "r2_tr": 0.6405999865808389,
    "rmse_va": 0.002461789105416338,
    "mae_va": 0.001828223455256212,
    "r2_va": 0.5304916085984019
  }
}