{
  "slsqp": {
    "x": [
      0.30000266392306046,
      0.3000026639230268,
      0.2999981525050528,
      0.2999981525050526,
      0.3000029692912536,
      0.3000029692912197,
      0.29998782328284784,
      0.29998782328284784,
      0.29998331186487487,
      0.2999844019854171,
      0.2999843483086736,
      0.29998434845421795,
      0.2999798368906998,
      0.2999798370362436,
      0.29993097172681743,
      0.2999519776674311
    ],
    "fun": 6.022600081807745,
    "nit": 3,
    "success": true,
    "message": "Optimization terminated successfully",
    "theta_roll": [
      -0.41318732500076294,
      -0.40827274322509766,
      -0.4102613925933838,
      -0.4165689945220947,
      -0.42057639360427856,
      -0.41818052530288696,
      -0.4237748980522156,
      -0.4266170263290405
    ],
    "theta_terminal": -0.4266170263290405,
    "theta_err_terminal": -0.7756828767279065,
    "ps_seq": [
      0.30000266392306046,
      0.2999981525050528,
      0.3000029692912536,
      0.29998782328284784,
      0.29998331186487487,
      0.2999843483086736,
      0.2999798368906998,
      0.29993097172681743
    ],
    "pd_seq": [
      0.3000026639230268,
      0.2999981525050526,
      0.3000029692912197,
      0.29998782328284784,
      0.2999844019854171,
      0.29998434845421795,
      0.2999798370362436,
      0.2999519776674311
    ],
    "J_theta": 0.6016839252488806,
    "J_z": 5.318391377058173,
    "J_rate": 3.797767719251986e-09
  },
  "trust_constr": {
    "x": [
      0.30000725412347345,
      0.30000852765570013,
      0.2999978985541828,
      0.3000023090910927,
      0.3000013639736351,
      0.3000020836886845,
      0.29999676638239986,
      0.3000004008440431,
      0.2999956670713295,
      0.30000147691111473,
      0.30000040876454676,
      0.30000553635403093,
      0.3000050162240391,
      0.300000753621378,
      0.2999955594754211,
      0.3000046127689857
    ],
    "fun": 6.0231814957225565,
    "nit": 179,
    "success": true,
    "message": "`xtol` termination condition is satisfied.",
    "theta_roll": [
      -0.4131925106048584,
      -0.4082653522491455,
      -0.4102597236633301,
      -0.416584312915802,
      -0.4205785393714905,
      -0.41817808151245117,
      -0.4237922430038452,
      -0.4266716241836548
    ],
    "theta_terminal": -0.4266716241836548,
    "theta_err_terminal": -0.7757374745825207,
    "ps_seq": [
      0.30000725412347345,
      0.2999978985541828,
      0.3000013639736351,
      0.29999676638239986,
      0.2999956670713295,
      0.30000040876454676,
      0.3000050162240391,
      0.2999955594754211
    ],
    "pd_seq": [
      0.30000852765570013,
      0.3000023090910927,
      0.3000020836886845,
      0.3000004008440431,
      0.30000147691111473,
      0.30000553635403093,
      0.300000753621378,
      0.3000046127689857
    ],
    "J_theta": 0.601768629471667,
    "J_z": 5.318390443147109,
    "J_rate": 4.76949674210702e-10
  },
  "powell": {
    "x": [
      0.352496015467422,
      -0.28249843171922495,
      0.4873433775289773,
      0.44395099515625175,
      0.5144323372110144,
      -0.3583785156218449,
      0.5101903937245128,
      0.3468019609891473,
      0.6601072301778225,
      0.0066336727109815,
      0.6841217740648085,
      -0.08190309228790896,
      0.8073609352063609,
      -0.15266752900938724,
      0.7727534081043808,
      0.6272454975383962
    ],
    "fun": 0.03354810145745705,
    "nit": 12,
    "success": true,
    "message": "Optimization terminated successfully.",
    "theta_roll": [
      -0.2995160222053528,
      -0.15167447924613953,
      -0.315099835395813,
      -0.06666230410337448,
      -0.0827493667602539,
      -0.14182865619659424,
      -0.050840750336647034,
      0.3536168932914734
    ],
    "theta_terminal": 0.3536168932914734,
    "theta_err_terminal": 0.004551042892607493,
    "ps_seq": [
      0.352496015467422,
      0.4873433775289773,
      0.5144323372110144,
      0.5101903937245128,
      0.6601072301778225,
      0.6841217740648085,
      0.8073609352063609,
      0.7727534081043808
    ],
    "pd_seq": [
      -0.28249843171922495,
      0.44395099515625175,
      -0.3583785156218449,
      0.3468019609891473,
      0.0066336727109815,
      -0.08190309228790896,
      -0.15266752900938724,
      0.6272454975383962
    ],
    "J_theta": 2.0711991410353178e-05,
    "J_z": 5.2809886642995085,
    "J_rate": 2.8059992879054008
  },
  "de": {
    "x": [
      0.35310670725454263,
      -0.03314402204349023,
      0.5175316224132612,
      0.11983164586387651,
      0.645509663090081,
      -0.014588184903859056,
      0.6781825151053482,
      0.6289789953808109,
      0.8188673826911322,
      0.2844280593714866,
      0.9117214032773604,
      -0.16883971123317115,
      0.7770155566144336,
      -0.34232269753945627,
      0.7721981011447385,
      0.5682344147938921
    ],
    "fun": 0.023862053115032405,
    "nit": 120,
    "success": false,
    "message": "differential_evolution",
    "theta_roll": [
      -0.30383574962615967,
      -0.3407660126686096,
      -0.3598286509513855,
      -0.11479876935482025,
      -0.20130155980587006,
      -0.2398914247751236,
      -0.36480170488357544,
      0.3450910449028015
    ],
    "theta_terminal": 0.3450910449028015,
    "theta_err_terminal": -0.003974805496064382,
    "ps_seq": [
      0.35310670725454263,
      0.5175316224132612,
      0.645509663090081,
      0.6781825151053482,
      0.8188673826911322,
      0.9117214032773604,
      0.7770155566144336,
      0.7721981011447385
    ],
    "pd_seq": [
      -0.03314402204349023,
      0.11983164586387651,
      -0.014588184903859056,
      0.6289789953808109,
      0.2844280593714866,
      -0.16883971123317115,
      -0.34232269753945627,
      0.5682344147938921
    ],
    "J_theta": 1.5799078731543616e-05,
    "J_z": 5.2650996118077344,
    "J_rate": 1.8438962715909235
  },
  "best": {
    "name": "de",
    "fun": 0.023862053115032405
  }
}