{
  "model": "Inv_ARX",
  "te_rmse_ps": 0.1527754624404356,
  "te_rmse_pd": 0.18954891239103902,
  "te_rmse_p1": 0.12118830574440356,
  "te_rmse_p2": 0.12226185262402307,
  "lag": 3,
  "degree": 1,
  "alpha": 0.001
}