{
  "model": "Inv_NARX",
  "te_rmse_ps": 0.1520155694489613,
  "te_rmse_pd": 0.18959281654540858,
  "te_rmse_p1": 0.12092629532167887,
  "te_rmse_p2": 0.12208159492745238,
  "lag": 2,
  "degree": 2,
  "alpha": 0.001
}