{
  "model": "inv_gp",
  "va_rmse_ps": 0.1852874814686875,
  "va_rmse_pd": 0.24750407853839843,
  "va_rmse_p1": 0.1527912389504561,
  "va_rmse_p2": 0.15636398927201903,
  "te_rmse_ps": 0.1414558994060144,
  "te_rmse_pd": 0.31002458502623703,
  "te_rmse_p1": 0.17455287682327136,
  "te_rmse_p2": 0.16611381818333879,
  "gp_maxn": 10000
}