{
  "model": "inv_poly",
  "va_rmse_ps": 0.15594005055296256,
  "va_rmse_pd": 0.18977893515587504,
  "va_rmse_p1": 0.12155950827167993,
  "va_rmse_p2": 0.124056268468895,
  "te_rmse_ps": 0.09894944658416326,
  "te_rmse_pd": 0.2660173957552071,
  "te_rmse_p1": 0.14293444791100118,
  "te_rmse_p2": 0.1408824599168563,
  "degree": 3,
  "alpha": 0.001
}