{
  "model": "inv_rbf",
  "va_rmse_ps": 0.1584613489157282,
  "va_rmse_pd": 0.1923092943266165,
  "va_rmse_p1": 0.12367159098749163,
  "va_rmse_p2": 0.12550605353893995,
  "te_rmse_ps": 0.10028083346127467,
  "te_rmse_pd": 0.2675012272490892,
  "te_rmse_p1": 0.14539176330665426,
  "te_rmse_p2": 0.14024197386057505,
  "n_centers": 40,
  "length": 0.6,
  "alpha": 0.001
}