{
  "model": "inv_mononn",
  "va_rmse_ps": 0.15632880042513825,
  "va_rmse_pd": 0.1923750334096117,
  "va_rmse_p1": 0.12168479480619243,
  "va_rmse_p2": 0.1261595591853063,
  "te_rmse_ps": 0.09999195362592539,
  "te_rmse_pd": 0.26690575197835903,
  "te_rmse_p1": 0.14372953285071066,
  "te_rmse_p2": 0.14128112754734,
  "epochs": 250,
  "lr": 0.001,
  "batch": 1024,
  "lam_feas": 0.1
}