{
  "model": "inv_pwa",
  "va_rmse_ps": 0.15857286246861546,
  "va_rmse_pd": 0.1898835629294907,
  "va_rmse_p1": 0.12292186506403907,
  "va_rmse_p2": 0.12446194269865113,
  "te_rmse_ps": 0.10108886879747025,
  "te_rmse_pd": 0.2664780788351591,
  "te_rmse_p1": 0.1449877837198528,
  "te_rmse_p2": 0.13997608909817383,
  "n_bins": 12,
  "alpha": 0.001
}