{
  "deg": 3,
  "lambda": 0.001,
  "rmse": 0.22946735844537292,
  "mae": 0.17322819083228272,
  "r2": 0.4949680718024777
}