{
  "model": "NARX",
  "degree": 2,
  "coef": [
    -0.028115962462995196,
    1.4686897614863823,
    -0.18126963713042982,
    -0.2935202381511691,
    -0.04007981231885577,
    1.522497368558406,
    -0.3393831458789399,
    4.106874954103029,
    0.08935539588750921,
    -3.288336894892472,
    0.0024539033332747974,
    0.0006639352832923521,
    -0.00481496569794166,
    0.3472198011314098,
    -0.20547744486856445,
    -0.74380369152676,
    0.36469370764588793,
    0.030077864380648026,
    -0.19728816174690714,
    -0.0029422861282212306,
    0.005414436496625541,
    -0.6110783698400737,
    0.7192319585438374,
    0.5931089595054199,
    -1.0273754493337635,
    0.22688889244188504,
    0.3403854329209695,
    -0.0007098664454582651,
    0.19175870663030917,
    -0.5036186168330676,
    0.05743377991546625,
    0.6484665538829136,
    -0.14456260705265675,
    -0.13589883408328624,
    0.8377448561963521,
    1.4306591337788863,
    -1.8386792699998422,
    0.43600331157253636,
    0.9860141109541809,
    1.9450329273373288,
    0.7840155446290342,
    4.436931399964303,
    -1.4944681795765928,
    -5.142197702777828,
    -0.9759437541941829,
    2.8877280495175364,
    -2.3118139642213396,
    -3.5242912935303545,
    4.906384635421477,
    0.8629775468725729,
    0.3237584750954761,
    0.42594155168747083,
    0.97353615877853,
    -5.401000815295214,
    -0.10294877391630916
  ],
  "lag_y": 3,
  "lag_u": 3,
  "delay": 5,
  "T0": 8,
  "poly_feature_names": [
    "1",
    "x0",
    "x1",
    "x2",
    "x3",
    "x4",
    "x5",
    "x6",
    "x7",
    "x8",
    "x0^2",
    "x0 x1",
    "x0 x2",
    "x0 x3",
    "x0 x4",
    "x0 x5",
    "x0 x6",
    "x0 x7",
    "x0 x8",
    "x1^2",
    "x1 x2",
    "x1 x3",
    "x1 x4",
    "x1 x5",
    "x1 x6",
    "x1 x7",
    "x1 x8",
    "x2^2",
    "x2 x3",
    "x2 x4",
    "x2 x5",
    "x2 x6",
    "x2 x7",
    "x2 x8",
    "x3^2",
    "x3 x4",
    "x3 x5",
    "x3 x6",
    "x3 x7",
    "x3 x8",
    "x4^2",
    "x4 x5",
    "x4 x6",
    "x4 x7",
    "x4 x8",
    "x5^2",
    "x5 x6",
    "x5 x7",
    "x5 x8",
    "x6^2",
    "x6 x7",
    "x6 x8",
    "x7^2",
    "x7 x8",
    "x8^2"
  ],
  "z_coef": [
    -0.0040566184844982095,
    -0.004378934584367923,
    -0.0023886582935909112,
    0.0014640951940594435,
    -0.004823413350686418,
    0.010669640265751946
  ],
  "z_feat_names": [
    "1",
    "ps",
    "pd",
    "ps*pd",
    "ps^2",
    "pd^2"
  ],
  "z_mode": "learn",
  "z_feat": "quad",
  "z_metrics": {
    "rmse_tr": 0.0019798837506319633,
    "mae_tr": 0.0013669903068711743,
    "r2_tr": 0.6405999865808389,
    "rmse_va": 0.002461789105416338,
    "mae_va": 0.001828223455256212,
    "r2_va": 0.5304916085984019
  }
}