{
  "best_composite_score": 28.12343798065546,
  "best_avg_score": 24.767511550480144,
  "best_std_score": 11.186421433917717,
  "best_params": {
    "K": 128,
    "horizon": 8,
    "lambda": 0.5597812709393504,
    "sigma_u": 0.08263766382342809,
    "w_tracking": 56.00014861824127,
    "w_smooth": 0.11476768108236907,
    "w_effort": 0.002568751448804221,
    "w_constraint": 176.42615083297054
  },
  "test_angles": [
    -30.0,
    -20.0,
    -10.0,
    0.0,
    10.0,
    20.0,
    30.0
  ],
  "method": "optuna",
  "timestamp": "20251124_163904",
  "per_angle_performance": {
    "-30.0": {
      "score": 38.720361333760394,
      "rms_error": 9.605427961659133,
      "final_error": 1.5943582324037944
    },
    "-20.0": {
      "score": 31.098881706573806,
      "rms_error": 5.724336423595808,
      "final_error": 0.8217924111961442
    },
    "-10.0": {
      "score": 14.298318646079274,
      "rms_error": 2.6568870679880443,
      "final_error": 1.4886035802040578
    },
    "0.0": {
      "score": 22.238472739005275,
      "rms_error": 0.978781806458802,
      "final_error": 1.4531671421498178
    },
    "10.0": {
      "score": 9.888237147013246,
      "rms_error": 3.058050840950995,
      "final_error": 0.3923639228730462
    },
    "20.0": {
      "score": 16.838924052249673,
      "rms_error": 6.383493169504526,
      "final_error": 0.6943576128376537
    },
    "30.0": {
      "score": 40.28938522867935,
      "rms_error": 9.716446613425589,
      "final_error": 3.0769754806025915
    }
  }
}