{
  "slsqp": {
    "x": [
      0.2850084861884421,
      0.28500915163403456,
      0.2962179636707902,
      0.2962186408035403,
      0.30252083446203704,
      0.30252158863919476,
      0.28841343669666486,
      0.2884142472464405,
      0.27342599397530226,
      0.2734272324794982,
      0.25889771408815604,
      0.2588986648228762,
      0.2738886267393161,
      0.27388964107679115,
      0.2888797656806617,
      0.2888804735516891
    ],
    "fun": 5.685623277610418,
    "nit": 59,
    "success": true,
    "message": "Optimization terminated successfully",
    "theta_roll": [
      -0.4003186821937561,
      -0.41012901067733765,
      -0.41318970918655396,
      -0.3955423831939697,
      -0.40026605129241943,
      -0.40769851207733154,
      -0.4097723364830017,
      -0.39787471294403076
    ],
    "theta_terminal": -0.39787471294403076,
    "theta_err_terminal": -0.7469405633428967,
    "ps_seq": [
      0.2850084861884421,
      0.2962179636707902,
      0.30252083446203704,
      0.28841343669666486,
      0.27342599397530226,
      0.25889771408815604,
      0.2738886267393161,
      0.2888797656806617
    ],
    "pd_seq": [
      0.28500915163403456,
      0.2962186408035403,
      0.30252158863919476,
      0.2884142472464405,
      0.2734272324794982,
      0.2588986648228762,
      0.27388964107679115,
      0.2888804735516891
    ],
    "J_theta": 0.5579202051670039,
    "J_z": 5.3192822713124706,
    "J_rate": 0.002948566235102122
  },
  "trust_constr": {
    "x": [
      0.3000036152864009,
      0.300002009668963,
      0.29999417584733323,
      0.2999998584705474,
      0.30000052912461095,
      0.30000397367264287,
      0.3000015565382192,
      0.3000048921311316,
      0.2999912230558925,
      0.29999899099427146,
      0.3000000810370503,
      0.300004922201588,
      0.3000006567608645,
      0.29999826974269067,
      0.29999763078183467,
      0.30000256651483864
    ],
    "fun": 6.1242720880442345,
    "nit": 175,
    "success": true,
    "message": "`xtol` termination condition is satisfied.",
    "theta_roll": [
      -0.41318845748901367,
      -0.4082651734352112,
      -0.41026371717453003,
      -0.41658830642700195,
      -0.4205644726753235,
      -0.41818493604660034,
      -0.4237925410270691,
      -0.42667514085769653
    ],
    "theta_terminal": -0.42667514085769653,
    "theta_err_terminal": -0.7757409912565625,
    "ps_seq": [
      0.3000036152864009,
      0.29999417584733323,
      0.30000052912461095,
      0.3000015565382192,
      0.2999912230558925,
      0.3000000810370503,
      0.3000006567608645,
      0.29999763078183467
    ],
    "pd_seq": [
      0.300002009668963,
      0.2999998584705474,
      0.30000397367264287,
      0.3000048921311316,
      0.29999899099427146,
      0.300004922201588,
      0.29999826974269067,
      0.30000256651483864
    ],
    "J_theta": 0.6017740855157142,
    "J_z": 5.318390519163775,
    "J_rate": 4.973568605730063e-10
  },
  "powell": {
    "x": [
      0.3784724212484057,
      -0.3784722341682257,
      0.5334836457268274,
      0.4255253605412265,
      0.5569701963952558,
      -0.46423149402017555,
      0.5517170179199221,
      0.33422350114424926,
      0.7287983253222698,
      -0.00326539009088051,
      0.5852226501218889,
      -0.10902592714535252,
      0.5322866618788845,
      -0.21409315626937353,
      0.5553143592144502,
      0.4322165831011027
    ],
    "fun": 0.1375751414319922,
    "nit": 13,
    "success": true,
    "message": "Optimization terminated successfully.",
    "theta_roll": [
      -0.278805673122406,
      -0.12348127365112305,
      -0.3168802857398987,
      -0.0005327463150024414,
      -0.04553370177745819,
      -0.31888800859451294,
      -0.1722763627767563,
      0.3478538990020752
    ],
    "theta_terminal": 0.3478538990020752,
    "theta_err_terminal": -0.0012119513967907003,
    "ps_seq": [
      0.3784724212484057,
      0.5334836457268274,
      0.5569701963952558,
      0.5517170179199221,
      0.7287983253222698,
      0.5852226501218889,
      0.5322866618788845,
      0.5553143592144502
    ],
    "pd_seq": [
      -0.3784722341682257,
      0.4255253605412265,
      -0.46423149402017555,
      0.33422350114424926,
      -0.00326539009088051,
      -0.10902592714535252,
      -0.21409315626937353,
      0.4322165831011027
    ],
    "J_theta": 1.4688261881829294e-06,
    "J_z": 5.2901008206941516,
    "J_rate": 3.1758436756227333
  },
  "de": {
    "x": [
      0.5613097390221867,
      0.1330398988254423,
      0.6622313449856609,
      -0.06265945111576282,
      0.8011396160450954,
      -0.30062355601764046,
      0.8052669011008863,
      0.2731361852060796,
      0.886926187121856,
      0.08870540623280064,
      0.8044399327774685,
      -0.14951400045896635,
      0.6943047449147525,
      -0.3820347373339995,
      0.6822440299478534,
      0.6812632450442062
    ],
    "fun": 0.12397576947241218,
    "nit": 120,
    "success": false,
    "message": "differential_evolution",
    "theta_roll": [
      -0.3393356204032898,
      -0.3485807776451111,
      -0.35729503631591797,
      -0.16348151862621307,
      -0.2645455002784729,
      -0.44939446449279785,
      -0.3460785150527954,
      0.34345388412475586
    ],
    "theta_terminal": 0.34345388412475586,
    "theta_err_terminal": -0.005611966274110036,
    "ps_seq": [
      0.5613097390221867,
      0.6622313449856609,
      0.8011396160450954,
      0.8052669011008863,
      0.886926187121856,
      0.8044399327774685,
      0.6943047449147525,
      0.6822440299478534
    ],
    "pd_seq": [
      0.1330398988254423,
      -0.06265945111576282,
      -0.30062355601764046,
      0.2731361852060796,
      0.08870540623280064,
      -0.14951400045896635,
      -0.3820347373339995,
      0.6812632450442062
    ],
    "J_theta": 3.149416546174848e-05,
    "J_z": 5.257561046366837,
    "J_rate": 1.8509606890457935
  },
  "best": {
    "name": "de",
    "fun": 0.12397576947241218
  }
}