{
  "slsqp": {
    "x": [
      0.3000001112807556,
      0.30000111055095857,
      0.29999823368646045,
      0.3000001720366853,
      0.299996034320484,
      0.29999830400599065,
      0.2999959434991607,
      0.29999845485196364,
      0.29999615760949644,
      0.29999901940832513,
      0.2999981725503206,
      0.30000124635792064,
      0.2999980881563399,
      0.30000097376898033,
      0.29999859382602806,
      0.30000161753416327,
      0.29999655393575364,
      0.3000015009747777,
      0.2999983947061649,
      0.30000194230126787,
      0.30000041511018843,
      0.3000023991708762,
      0.2999971368074787,
      0.30000299396500596
    ],
    "fun": 14.286311926899419,
    "nit": 47,
    "success": true,
    "message": "Optimization terminated successfully",
    "theta_roll": [
      -0.41318434476852417,
      -0.4082763195037842,
      -0.4102516174316406,
      -0.41658473014831543,
      -0.42058122158050537,
      -0.4181765913963318,
      -0.4237821102142334,
      -0.42668724060058594,
      -0.4313960075378418,
      -0.43279218673706055,
      -0.4370845556259155,
      -0.44049346446990967
    ],
    "theta_ref": [
      -0.38801749129621343,
      -0.35056188830662455,
      -0.29097862843199235,
      -0.21332821236678023,
      -0.1229023876424527,
      -0.025863524778231617,
      0.07117533808598969,
      0.16160116281031717,
      0.23925157887552922,
      0.29883483875016154,
      0.3362904417397505,
      0.3490658503988659
    ],
    "theta_terminal": -0.44049346446990967,
    "theta_err_terminal": -0.7895593148687756,
    "ps_seq": [
      0.3000001112807556,
      0.29999823368646045,
      0.299996034320484,
      0.2999959434991607,
      0.29999615760949644,
      0.2999981725503206,
      0.2999980881563399,
      0.29999859382602806,
      0.29999655393575364,
      0.2999983947061649,
      0.30000041511018843,
      0.2999971368074787
    ],
    "pd_seq": [
      0.30000111055095857,
      0.3000001720366853,
      0.29999830400599065,
      0.29999845485196364,
      0.29999901940832513,
      0.30000124635792064,
      0.30000097376898033,
      0.30000161753416327,
      0.3000015009747777,
      0.30000194230126787,
      0.3000023991708762,
      0.30000299396500596
    ],
    "J_term": 0.6234039116960504,
    "J_path": 3.099651023469083,
    "J_z": 4.6981977269540584e-05,
    "J_rate": 4.726595692672573e-11
  },
  "trust_constr": {
    "x": [
      0.2999994325054079,
      0.30000219712842,
      0.2999982370723433,
      0.3000000567256078,
      0.2999944694757612,
      0.29999924539795647,
      0.2999959889819282,
      0.2999992096430785,
      0.29999794464229274,
      0.30000226586586953,
      0.2999968406938436,
      0.30000234294472466,
      0.2999992220216086,
      0.2999977658188259,
      0.29999991690962946,
      0.2999987929043336,
      0.2999966528092441,
      0.3000024275757781,
      0.299999631168751,
      0.30000190199745186,
      0.29999822548853516,
      0.3000022664524762,
      0.29999748931964154,
      0.29999974683984043
    ],
    "fun": 14.28637393105853,
    "nit": 183,
    "success": true,
    "message": "`xtol` termination condition is satisfied.",
    "theta_roll": [
      -0.41318345069885254,
      -0.40827739238739014,
      -0.41024917364120483,
      -0.41658616065979004,
      -0.4205831289291382,
      -0.41817182302474976,
      -0.4237845540046692,
      -0.4266898036003113,
      -0.43139249086380005,
      -0.4327927827835083,
      -0.43708235025405884,
      -0.4404962658882141
    ],
    "theta_ref": [
      -0.38801749129621343,
      -0.35056188830662455,
      -0.29097862843199235,
      -0.21332821236678023,
      -0.1229023876424527,
      -0.025863524778231617,
      0.07117533808598969,
      0.16160116281031717,
      0.23925157887552922,
      0.29883483875016154,
      0.3362904417397505,
      0.3490658503988659
    ],
    "theta_terminal": -0.4404962658882141,
    "theta_err_terminal": -0.7895621162870801,
    "ps_seq": [
      0.2999994325054079,
      0.2999982370723433,
      0.2999944694757612,
      0.2999959889819282,
      0.29999794464229274,
      0.2999968406938436,
      0.2999992220216086,
      0.29999991690962946,
      0.2999966528092441,
      0.299999631168751,
      0.29999822548853516,
      0.29999748931964154
    ],
    "pd_seq": [
      0.30000219712842,
      0.3000000567256078,
      0.29999924539795647,
      0.2999992096430785,
      0.30000226586586953,
      0.30000234294472466,
      0.2999977658188259,
      0.2999987929043336,
      0.3000024275757781,
      0.30000190199745186,
      0.3000022664524762,
      0.29999974683984043
    ],
    "J_term": 0.6234083354757325,
    "J_path": 3.099651097707134,
    "J_z": 4.6981983512037446e-05,
    "J_rate": 1.1284398103167017e-10
  },
  "powell": {
    "x": [
      0.4871813727112459,
      -0.32223901400277327,
      0.41421231948632625,
      0.3974985032221294,
      0.4496223377024153,
      -0.4496044318477609,
      0.3184275155805891,
      0.31842689038030864,
      0.3413889081356301,
      -0.3403560341413485,
      0.3270697917174988,
      0.32144270016428883,
      0.41293306170038635,
      -0.41069758478272084,
      0.3892099486458765,
      0.38734322149939654,
      0.44917668549690926,
      -0.44916960873063216,
      0.4038245430088789,
      0.21508059645531796,
      0.7033469188473315,
      -0.33876466079635015,
      0.8033149386081875,
      0.03278106144952709
    ],
    "fun": 0.5033285831994685,
    "nit": 12,
    "success": true,
    "message": "Optimization terminated successfully.",
    "theta_roll": [
      -0.27824831008911133,
      -0.31175220012664795,
      -0.3029415011405945,
      -0.23491118848323822,
      -0.17287857830524445,
      -0.009943850338459015,
      -0.0767410397529602,
      0.1741952896118164,
      0.0768672525882721,
      0.2716258764266968,
      0.29830366373062134,
      0.34872519969940186
    ],
    "theta_ref": [
      -0.38801749129621343,
      -0.35056188830662455,
      -0.29097862843199235,
      -0.21332821236678023,
      -0.1229023876424527,
      -0.025863524778231617,
      0.07117533808598969,
      0.16160116281031717,
      0.23925157887552922,
      0.29883483875016154,
      0.3362904417397505,
      0.3490658503988659
    ],
    "theta_terminal": 0.34872519969940186,
    "theta_err_terminal": -0.00034065069946404014,
    "ps_seq": [
      0.4871813727112459,
      0.41421231948632625,
      0.4496223377024153,
      0.3184275155805891,
      0.3413889081356301,
      0.3270697917174988,
      0.41293306170038635,
      0.3892099486458765,
      0.44917668549690926,
      0.4038245430088789,
      0.7033469188473315,
      0.8033149386081875
    ],
    "pd_seq": [
      -0.32223901400277327,
      0.3974985032221294,
      -0.4496044318477609,
      0.31842689038030864,
      -0.3403560341413485,
      0.32144270016428883,
      -0.41069758478272084,
      0.38734322149939654,
      -0.44916960873063216,
      0.21508059645531796,
      -0.33876466079635015,
      0.03278106144952709
    ],
    "J_term": 1.160428990453398e-07,
    "J_path": 0.06750543115220975,
    "J_z": 0.00017357406167379952,
    "J_rate": 6.016157798368268
  },
  "de": {
    "x": [
      0.5776950730597145,
      -0.08489307909590814,
      0.6236975877924089,
      -0.34721133787477665,
      0.4900490778746333,
      0.43600266766630974,
      0.6424174688630865,
      -0.36940443103515164,
      0.6092786455599389,
      0.4157941567861115,
      0.6380529104997562,
      -0.5282478420646567,
      0.5743083101598689,
      0.2729229809399184,
      0.589331745150175,
      0.546727339682416,
      0.7166416849998589,
      -0.41682904985184904,
      0.6204026936791179,
      0.5190336732730463,
      0.7264268354672048,
      -0.31608713289852836,
      0.654710800946417,
      0.3422580647643898
    ],
    "fun": 0.6439875808662281,
    "nit": 150,
    "success": false,