{
  "model": "HW_Poly",
  "dynamics": {
    "d": 0,
    "alpha": 1.5621623664625348e-12,
    "kS": 0.3077484655556673,
    "kD": -0.7613533135317543,
    "rmse": 19.077174911082547
  },
  "logs": [
    {
      "d": 0,
      "alpha": 1.5621623664625348e-12,
      "kS": 0.3077484655556673,
      "kD": -0.7613533135317543,
      "rmse_mean": 19.077174911082547,
      "rmse_each": [
        24.057435033079013,
        14.904114716692098,
        18.269974983476533
      ]
    },
    {
      "d": 1,
      "alpha": 3.720416898001228e-14,
      "kS": 0.323272693876672,
      "kD": -0.7577343475492497,
      "rmse_mean": 19.077282256151648,
      "rmse_each": [
        24.05755750630553,
        14.904218022655781,
        18.27007123949363
      ]
    },
    {
      "d": 2,
      "alpha": 9.181671226451836e-16,
      "kS": 0.3322854394774078,
      "kD": -0.7542933855819246,
      "rmse_mean": 19.080569575044432,
      "rmse_each": [
        24.067188055712485,
        14.90431663790691,
        18.270204031513906
      ]
    },
    {
      "d": 3,
      "alpha": 1.1849821969432728e-10,
      "kS": 0.3341228269430047,
      "kD": -0.7509799640395312,
      "rmse_mean": 19.08132814078616,
      "rmse_each": [
        24.067339768863913,
        14.90440955688618,
        18.272235096608377
      ]
    }
  ],
  "z_coef": [
    -0.0006894964501414205,
    0.0005026120358338831,
    -0.003381053890923306,
    0.0071108516338233,
    -0.009779015651486927,
    -0.00035890456476582005
  ],
  "z_feat_names": [
    "1",
    "ps",
    "pd",
    "ps*pd",
    "ps^2",
    "pd^2"
  ],
  "z_mode": "learn",
  "z_feat": "quad",
  "z_metrics": {
    "rmse_tr": 0.002301313325759287,
    "mae_tr": 0.001777458802270862,
    "r2_tr": 0.8085318201067513,
    "rmse_va": 0.004221149791495052,
    "mae_va": 0.0036343838939583866,
    "r2_va": 0.06471489500438266
  }
}