{
  "model": "HW_RBF",
  "dynamics": {
    "d": 0,
    "alpha": 2.1466508205230037e-12,
    "kS": 0.307748465556481,
    "kD": -0.7613533135317302,
    "rmse": 19.07717491103814
  },
  "logs": [
    {
      "d": 0,
      "alpha": 2.1466508205230037e-12,
      "kS": 0.307748465556481,
      "kD": -0.7613533135317302,
      "rmse_mean": 19.07717491103814,
      "rmse_each": [
        24.05743503304699,
        14.904114716604042,
        18.269974983463385
      ]
    },
    {
      "d": 1,
      "alpha": 5.042891579631251e-13,
      "kS": 0.32327269387724256,
      "kD": -0.7577343475492596,
      "rmse_mean": 19.07728225612962,
      "rmse_each": [
        24.057557506288873,
        14.904218022610722,
        18.270071239489273
      ]
    },
    {
      "d": 2,
      "alpha": 1.2651350736687574e-13,
      "kS": 0.33228543947756484,
      "kD": -0.7542933855819257,
      "rmse_mean": 19.080569575037845,
      "rmse_each": [
        24.067188055705774,
        14.90431663789499,
        18.27020403151278
      ]
    },
    {
      "d": 3,
      "alpha": 3.315197163757646e-14,
      "kS": 0.3341228268061888,
      "kD": -0.7509799640331648,
      "rmse_mean": 19.08132814553117,
      "rmse_each": [
        24.067339773881873,
        14.904409565636584,
        18.27223509707506
      ]
    }
  ],
  "z_coef": [
    -0.0006894964501414205,
    0.0005026120358338831,
    -0.003381053890923306,
    0.0071108516338233,
    -0.009779015651486927,
    -0.00035890456476582005
  ],
  "z_feat_names": [
    "1",
    "ps",
    "pd",
    "ps*pd",
    "ps^2",
    "pd^2"
  ],
  "z_mode": "learn",
  "z_feat": "quad",
  "z_metrics": {
    "rmse_tr": 0.002301313325759287,
    "mae_tr": 0.001777458802270862,
    "r2_tr": 0.8085318201067513,
    "rmse_va": 0.004221149791495052,
    "mae_va": 0.0036343838939583866,
    "r2_va": 0.06471489500438266
  }
}