{
  "model": "PWA",
  "dynamics": {
    "d": 0,
    "alpha": 7.164898277339128e-18,
    "kS": 0.3077484655538756,
    "kD": -0.7613533135317118,
    "rmse": 19.07717491113775
  },
  "logs": [
    {
      "d": 0,
      "alpha": 7.164898277339128e-18,
      "kS": 0.3077484655538756,
      "kD": -0.7613533135317118,
      "rmse_mean": 19.07717491113775,
      "rmse_each": [
        24.057435033123166,
        14.904114716807525,
        18.269974983482566
      ]
    },
    {
      "d": 1,
      "alpha": 2.3301103053686582e-18,
      "kS": 0.32327269387662694,
      "kD": -0.7577343475492462,
      "rmse_mean": 19.077282256153005,
      "rmse_each": [
        24.057557506306704,
        14.904218022658533,
        18.27007123949378
      ]
    },
    {
      "d": 2,
      "alpha": 9.030683760192068e-19,
      "kS": 0.33228543947740946,
      "kD": -0.7542933855819233,
      "rmse_mean": 19.08056957504446,
      "rmse_each": [
        24.067188055712492,
        14.904316637906977,
        18.27020403151391
      ]
    },
    {
      "d": 3,
      "alpha": 6.260441421889173e-19,
      "kS": 0.3341228268061457,
      "kD": -0.7509799640331628,
      "rmse_mean": 19.081328145532833,
      "rmse_each": [
        24.06733977388345,
        14.90440956563974,
        18.272235097075306
      ]
    }
  ],
  "z_coef": [
    -0.0006894964501414205,
    0.0005026120358338831,
    -0.003381053890923306,
    0.0071108516338233,
    -0.009779015651486927,
    -0.00035890456476582005
  ],
  "z_feat_names": [
    "1",
    "ps",
    "pd",
    "ps*pd",
    "ps^2",
    "pd^2"
  ],
  "z_mode": "learn",
  "z_feat": "quad",
  "z_metrics": {
    "rmse_tr": 0.002301313325759287,
    "mae_tr": 0.001777458802270862,
    "r2_tr": 0.8085318201067513,
    "rmse_va": 0.004221149791495052,
    "mae_va": 0.0036343838939583866,
    "r2_va": 0.06471489500438266
  }
}