{
  "de": {
    "x": [
      0.307993083921169,
      0.29012488623407073,
      0.31709842049268766,
      0.2801863841903036,
      0.32585634783473777,
      0.27041718379480906,
      0.3357047284889627,
      0.2604650478110021,
      0.3455679861768477,
      0.26344421689973707,
      0.3551322082501398,
      0.2568684790026437,
      0.36476599754412536,
      0.2662870764368665,
      0.3738502061915925,
      0.275801195511168,
      0.383041893767234,
      0.2826853161009533,
      0.38923208893945355,
      0.2888211360689698
    ],
    "fun": 13.351253642286546,
    "nit": 150,
    "nfev": 46140,
    "success": false,
    "message": "Maximum number of iterations has been exceeded.",
    "theta_roll": [
      -0.4177224040031433,
      -0.41332465410232544,
      -0.4156322479248047,
      -0.4246179461479187,
      -0.4324067234992981,
      -0.4312792420387268,
      -0.4377475380897522,
      -0.4428865313529968,
      -0.45185917615890503,
      -0.45409756898880005
    ],
    "theta_ref": [
      -0.3824425501908804,
      -0.3291877609868839,
      -0.24624148215856098,
      -0.14172307339833518,
      -0.02586352477823156,
      0.08999602384187216,
      0.19451443260209794,
      0.2774607114304209,
      0.3307155006344174,
      0.3490658503988659
    ],
    "theta_terminal": -0.45409756898880005,
    "theta_err_terminal": -0.803163419387666,
    "ps_seq": [
      0.307993083921169,
      0.31709842049268766,
      0.32585634783473777,
      0.3357047284889627,
      0.3455679861768477,
      0.3551322082501398,
      0.36476599754412536,
      0.3738502061915925,
      0.383041893767234,
      0.38923208893945355
    ],
    "pd_seq": [
      0.29012488623407073,
      0.2801863841903036,
      0.27041718379480906,
      0.2604650478110021,
      0.26344421689973707,
      0.2568684790026437,
      0.2662870764368665,
      0.275801195511168,
      0.2826853161009533,
      0.2888211360689698
    ],
    "J_term": 0.6450714782424879,
    "J_path": 2.730201653437732,
    "J_z": 5.6445023289310204e-05,
    "J_rate": 0.00151454265960149
  },
  "timing": {
    "wall_seconds": 2599.643811225891,
    "eval_count": 46140,
    "evals_per_second": 17.748585325711282,
    "dt_context_est": 0.004997253417940328
  },
  "config": {
    "horizon": 10,
    "path": "smooth",
    "pmax": 0.7,
    "weights": {
      "w_theta_term": 8.0,
      "w_theta_path": 3.0,
      "w_ps": 0.02,
      "w_rate": 0.05
    },
    "rate_limits": {
      "ps_MPa_per_s": 2.0,
      "pd_MPa_per_s": 2.0
    },
    "de": {
      "maxiter": 150,
      "popsize": 15,
      "tol": 1e-06,
      "seed": 42,
      "polish": true,
      "workers": 1
    }
  }
}