{
  "results": [
    {
      "model": "NARX",
      "val_rmse_deg": 4.703951057213025,
      "degree": 2,
      "coef": [
        -0.03573653464176472,
        1.4518906516431738,
        -0.14963015421636675,
        -0.3073272201306907,
        -0.016276067043160335,
        0.20537224943797047,
        0.43528407516438694,
        -1.3706800468494704,
        -0.5972974433380267,
        2.8941570915445607,
        0.0022948769484842303,
        0.0033217283742435883,
        -0.00736045297310974,
        0.22291615703894851,
        -1.4735454766006932,
        1.6924332235206065,
        1.9560237889887722,
        -2.122528400054085,
        -0.5346772406243279,
        -0.005878569420801056,
        0.008991732006688305,
        0.9485671031576319,
        1.6557273091859845,
        -4.238332583000037,
        0.5471432688680303,
        3.3691687596893436,
        -2.1759697525820747,
        -0.0013038572879483941,
        -1.1567726400808858,
        -0.17571122491532137,
        2.5577254367564928,
        -2.5062703053565643,
        -1.3123268288654482,
        2.7045576623562435,
        0.5927158250679889,
        0.8199131796278124,
        -2.217974515749349,
        -4.236195999922201,
        1.2313793697331008,
        2.0284540875975132,
        -0.37837241078921524,
        0.9781617241993167,
        0.9169668851932249,
        -0.9418160621943871,
        -0.5561952010112354,
        2.0040584719230914,
        0.5679617711869109,
        -2.5701719592751564,
        0.422015742185094,
        0.6969343686297519,
        -0.20208746887063148,
        -1.597730174050278,
        1.1797610010471098,
        1.0805144093420644,
        0.7808965723277381
      ],
      "lag_y": 3,
      "lag_u": 3,
      "delay": 0
    },
    {
      "model": "ARX",
      "val_rmse_deg": 6.266432059718613,
      "coef": [
        1.3586124155706703,
        -0.09712105181516316,
        -0.28004363276865685,
        0.49848076079951026,
        1.7540509950068774,
        -0.04408504085332695,
        3.7597220112981704,
        -0.38967457134784234,
        -4.151306568049059
      ],
      "intercept": -0.07779357105145568,
      "lag_y": 3,
      "lag_u": 3,
      "delay": 5
    },
    {
      "model": "MonoNN",
      "val_rmse_deg": 7.4054692636358315,
      "dynamics": {
        "d": 4,
        "alpha": 5.483201853817029,
        "kS": 1.1929078801096005,
        "kD": -0.9698247191833073,
        "rmse": 7.4054692636358315
      },
      "logs": [
        {
          "d": 0,
          "alpha": 4.107733087332683,
          "kS": -0.24303138404598842,
          "kD": -0.9698302287701882,
          "rmse": 8.025716257786268
        },
        {
          "d": 1,
          "alpha": 4.4213696992362825,
          "kS": -0.007857846803511192,
          "kD": -0.9698309199157004,
          "rmse": 7.826561182673018
        },
        {
          "d": 2,
          "alpha": 4.763048991400273,
          "kS": 0.3166941249136825,
          "kD": -0.9698298460792348,
          "rmse": 7.648645591302633
        },
        {
          "d": 3,
          "alpha": 5.12320598580018,
          "kS": 0.7231025342456611,
          "kD": -0.9698276247955603,
          "rmse": 7.503568999337359
        },
        {
          "d": 4,
          "alpha": 5.483201853817029,
          "kS": 1.1929078801096005,
          "kD": -0.9698247191833073,
          "rmse": 7.4054692636358315
        },
        {
          "d": 5,
          "alpha": 5.088714304701059,
          "kS": 1.7282637831339134,
          "kD": 5.634422129533645,
          "rmse": 7.429228209438754
        }
      ]
    },
    {
      "model": "HW_RBF",
      "val_rmse_deg": 9.303851762966374,
      "dynamics": {
        "d": 4,
        "alpha": 4.427973401763993,
        "kS": 1.2133235702181957,
        "kD": 1.8158412821297536,
        "rmse": 9.303851762966374
      },
      "logs": [
        {
          "d": 0,
          "alpha": 3.597379382447066,
          "kS": -0.2308561232110064,
          "kD": -0.9698302287701882,
          "rmse": 9.852110734913381
        },
        {
          "d": 1,
          "alpha": 3.8647241674918233,
          "kS": 0.004072392832122959,
          "kD": -0.9698309199157004,
          "rmse": 9.662175980544646
        },
        {
          "d": 2,
          "alpha": 4.149375143662671,
          "kS": 0.32712210588976,
          "kD": -0.9698298460792348,
          "rmse": 9.49004636444211
        },
        {
          "d": 3,
          "alpha": 4.438644034800138,
          "kS": 0.7300532717977176,
          "kD": -0.9698276247955603,
          "rmse": 9.348412239391365
        },
        {
          "d": 4,
          "alpha": 4.427973401763993,
          "kS": 1.2133235702181957,
          "kD": 1.8158412821297536,
          "rmse": 9.303851762966374
        },
        {
          "d": 5,
          "alpha": 3.9176716084177157,
          "kS": 1.740954232104883,
          "kD": 8.73337877341686,
          "rmse": 9.3420767821969
        }
      ]
    },
    {
      "model": "HW_Poly",
      "val_rmse_deg": 9.39547316858221,
      "dynamics": {
        "d": 4,
        "alpha": 4.387720519010149,
        "kS": 1.2251686694989712,
        "kD": 1.8491040960629086,
        "rmse": 9.39547316858221
      },
      "logs": [
        {
          "d": 0,
          "alpha": 3.5752745191096413,
          "kS": -0.2212090961399026,
          "kD": -0.9698302287701882,
          "rmse": 9.935383477206104
        },
        {
          "d": 1,
          "alpha": 3.841070953813386,
          "kS": 0.014323112595540918,
          "kD": -0.9698309199157004,
          "rmse": 9.745874223638964
        },
        {
          "d": 2,
          "alpha": 4.122783900077174,
          "kS": 0.3380631528212232,
          "kD": -0.9698298460792348,
          "rmse": 9.575183589144489
        },
        {
          "d": 3,
          "alpha": 4.406948516605361,
          "kS": 0.7417469282638431,
          "kD": -0.9698276247955603,
          "rmse": 9.436300048907373
        },
        {
          "d": 4,
          "alpha": 4.387720519010149,
          "kS": 1.2251686694989712,
          "kD": 1.8491040960629086,
          "rmse": 9.39547316858221
        },
        {
          "d": 5,
          "alpha": 3.8728230004763855,
          "kS": 1.7513153563339818,
          "kD": 8.781778658921501,
          "rmse": 9.436545901534027
        }
      ]
    },
    {
      "model": "PWA",
      "val_rmse_deg": 9.45671796371058,
      "dynamics": {
        "d": 4,
        "alpha": 4.320934533448035,
        "kS": 1.2355263087034698,
        "kD": 2.064546413797119,
        "rmse": 9.45671796371058
      },
      "logs": [
        {
          "d": 0,
          "alpha": 3.55793633943801,
          "kS": -0.21484665366718564,
          "kD": -0.9698302287701882,
          "rmse": 9.974563917483053
        },
        {
          "d": 1,
          "alpha": 3.8185290026420167,
          "kS": 0.021514650521642944,
          "kD": -0.9698309199157004,
          "rmse": 9.789348416634281
        },
        {
          "d": 2,
          "alpha": 4.093497263881431,
          "kS": 0.3461323997202508,
          "kD": -0.9698298460792348,
          "rmse": 9.62352124796803
        },
        {
          "d": 3,
          "alpha": 4.369667815710383,
          "kS": 0.7505923199890621,
          "kD": -0.9698276247955603,
          "rmse": 9.48970590933785
        },
        {
          "d": 4,
          "alpha": 4.320934533448035,
          "kS": 1.2355263087034698,
          "kD": 2.064546413797119,
          "rmse": 9.45671796371058
        },
        {
          "d": 5,
          "alpha": 3.7997419365341494,
          "kS": 1.7601954643400703,
          "kD": 9.000149551211484,
          "rmse": 9.49806381932555
        }
      ]
    },
    {
      "model": "GP",
      "val_rmse_deg": 14.088896709532772,
      "dynamics": {
        "d": 0,
        "alpha": 1.8674689540226297,