{
  "train": {
    "theta": {
      "rmse": 0.01545738521963358,
      "mae": 0.009835838340222836,
      "bias": 2.1722118617617525e-05
    },
    "dz": {
      "rmse": 0.000398451229557395,
      "mae": 0.000323891406878829,
      "bias": 0.00028727948665618896
    }
  },
  "val": {
    "theta": {
      "rmse": 0.014872411265969276,
      "mae": 0.01081677433103323,
      "bias": -0.007167719304561615
    },
    "dz": {
      "rmse": 0.0003512330004014075,
      "mae": 0.0002906654553953558,
      "bias": 0.00025125005049631
    }
  },
  "test": {
    "theta": {
      "rmse": 0.01645749993622303,
      "mae": 0.011879353784024715,
      "bias": -0.006082742940634489
    },
    "dz": {
      "rmse": 0.0003915638371836394,
      "mae": 0.0003121216723229736,
      "bias": 0.0001968727447092533
    }
  },
  "rollout_test": {
    "theta": {
      "rmse": 0.14025299129998114,
      "mae": 0.12594566139045033,
      "bias": -0.015736609475640217,
      "n": 1201
    },
    "dz": {
      "rmse": 0.0007364216753683382,
      "mae": 0.0005784548232044953,
      "bias": 0.0003808253393551143,
      "n": 1201
    }
  }
}