{
  "train": {
    "theta": {
      "rmse": 0.015378735959529877,
      "mae": 0.009764960035681725,
      "bias": -6.235458567971364e-05
    },
    "dz": {
      "rmse": 0.0002940608828794211,
      "mae": 0.0002229476231150329,
      "bias": 3.574727088562213e-05
    }
  },
  "val": {
    "theta": {
      "rmse": 0.013535380363464355,
      "mae": 0.009824691340327263,
      "bias": -0.005541347432881594
    },
    "dz": {
      "rmse": 0.0002887396258302033,
      "mae": 0.00023211112420540303,
      "bias": 0.0001405912626069039
    }
  },
  "test": {
    "theta": {
      "rmse": 0.016384871676564217,
      "mae": 0.011733092367649078,
      "bias": -0.005508109461516142
    },
    "dz": {
      "rmse": 0.00041932309977710247,
      "mae": 0.0003283809346612543,
      "bias": 0.00015160457405727357
    }
  },
  "rollout_test": {
    "theta": {
      "rmse": 0.135288482678991,
      "mae": 0.12086525393298332,
      "bias": -0.02390007101950179,
      "n": 1201
    },
    "dz": {
      "rmse": 0.0006087622809340853,
      "mae": 0.0004918629967170976,
      "bias": 0.00013069449708743525,
      "n": 1201
    }
  }
}