{
  "feature_names_single_slice": [
    "theta[rad]",
    "p1[MPa]",
    "p2[MPa]",
    "dp1[MPa/s]",
    "dp2[MPa/s]",
    "dz[m]"
  ],
  "output_names": [
    "theta[rad]",
    "dz[m]"
  ],
  "lags": 12,
  "delay": 2,
  "mu": [
    0.03916451334953308,
    0.27155816555023193,
    0.27383720874786377,
    2.7733674869523384e-05,
    -0.00030518611310981214,
    -0.004834347870200872,
    0.03916710615158081,
    0.27155801653862,
    0.27383875846862793,
    2.7733674869523384e-05,
    -0.00030518611310981214,
    -0.004834351595491171,
    0.039169687777757645,
    0.27155786752700806,
    0.2738402783870697,
    2.7733674869523384e-05,
    -0.00030518611310981214,
    -0.004834355320781469,
    0.03917227312922478,
    0.27155768871307373,
    0.2738417983055115,
    2.7733674869523384e-05,
    -0.00030518611310981214,
    -0.004834359046071768,
    0.039174798876047134,
    0.2715575695037842,
    0.27384331822395325,
    2.7733674869523384e-05,
    -0.00030518611310981214,
    -0.004834363237023354,
    0.03917732834815979,
    0.27155742049217224,
    0.273844838142395,
    2.7733674869523384e-05,
    -0.00030518611310981214,
    -0.004834366030991077,
    0.03917984291911125,
    0.2715573012828827,
    0.2738463580608368,
    2.7733674869523384e-05,
    -0.00030518611310981214,
    -0.004834369290620089,
    0.039182357490062714,
    0.27155715227127075,
    0.27384787797927856,
    2.7733674869523384e-05,
    -0.00030518611310981214,
    -0.0048343725502491,
    0.0391848050057888,
    0.2715570032596588,
    0.2738494277000427,
    2.7733674869523384e-05,
    -0.00030518611310981214,
    -0.004834375344216824,
    0.03918725252151489,
    0.2715568542480469,
    0.2738509178161621,
    2.7733674869523384e-05,
    -0.00030518611310981214,
    -0.004834378138184547,
    0.03918967768549919,
    0.27155670523643494,
    0.2738524377346039,
    2.7733674869523384e-05,
    -0.00030518611310981214,
    -0.004834380466490984,
    0.03919210657477379,
    0.271556556224823,
    0.27385398745536804,
    2.7733674869523384e-05,
    -0.00030518611310981214,
    -0.004834381863474846
  ],
  "std": [
    0.4196445941925049,
    0.22905170917510986,
    0.22611264884471893,
    1.3162753582000732,
    1.3170889616012573,
    0.0027154625859111547,
    0.41964343190193176,
    0.22905169427394867,
    0.22611169517040253,
    1.3162753582000732,
    1.3170889616012573,
    0.0027154593262821436,
    0.4196423590183258,
    0.22905167937278748,
    0.2261108011007309,
    1.3162753582000732,
    1.3170889616012573,
    0.0027154579292982817,
    0.4196406900882721,
    0.22905167937278748,
    0.2261093556880951,
    1.3162753582000732,
    1.3170889616012573,
    0.002715455135330558,
    0.41963937878608704,
    0.22905166447162628,
    0.2261071354150772,
    1.3162753582000732,
    1.3170889616012573,
    0.0027154518757015467,
    0.419637531042099,
    0.2290516495704651,
    0.22610647976398468,
    1.3162753582000732,
    1.3170889616012573,
    0.00271544954739511,
    0.4196361303329468,
    0.2290516346693039,
    0.22610539197921753,
    1.3162753582000732,
    1.3170889616012573,
    0.0027154465205967426,
    0.4196350872516632,
    0.22905239462852478,
    0.2261044681072235,
    1.3162753582000732,
    1.3170889616012573,
    0.0027154439594596624,
    0.4196339249610901,
    0.22905245423316956,
    0.2261035293340683,
    1.3162753582000732,
    1.3170889616012573,
    0.002715442096814513,
    0.41963300108909607,
    0.22905245423316956,
    0.22610248625278473,
    1.3162753582000732,
    1.3170889616012573,
    0.0027154397685080767,
    0.41963163018226624,
    0.22905243933200836,
    0.22610166668891907,
    1.3162753582000732,
    1.3170889616012573,
    0.0027154376730322838,
    0.419630229473114,
    0.22905020415782928,
    0.22610044479370117,
    1.3162753582000732,
    1.3170889616012573,
    0.0027154365088790655
  ],
  "hidden": 128,
  "dropout": 0.0,
  "lr": 0.0003,
  "weight_decay": 1e-06,
  "train_dyn_csvs": [
    "out/dynamic_prbs_data.csv"
  ],
  "val_dyn_csvs": [
    "out/dynamic_multi_data.csv"
  ],
  "test_dyn_csvs": [
    "out/dynamic_cyrip_data.csv"
  ],
  "static_csvs": [
    "out/static1_data.csv",
    "out/static2_data.csv"
  ],
  "ss_lambda": 0.03,
  "ss_theta_eps": 0.01,
  "ss_z_eps": 0.002,
  "rollout_teacher_beta": 0.2,
  "loss_weights": {
    "theta": 1.0,
    "dz": 1.0
  },
  "theta_train_minmax": [
    -0.6959149949305471,
    0.7249263184482777
  ],
  "dz_train_minmax": [
    -0.0119057297706604,
    0.001839160919189453
  ],
  "dt_est": 0.004997253417975855,
  "pressure_limits": {
    "p_max_each_side_MPa": 0.7,
    "p1_rate_limit_MPa_s": 0.2,
    "p2_rate_limit_MPa_s": 0.2
  },
  "fz_p1p2_quadratic": {
    "a0": -0.00031800239162026173,
    "a1": -0.007233885306848242,
    "a2": -0.0006506958723875244,
    "a3": 0.0033084195621124702,
    "a4": -0.012826652833789186,
    "a5": -0.01646662222004777,
    "p1_min": 0.0,
    "p1_max": 0.700000025331974,
    "p2_min": 0.0,
    "p2_max": 0.700000025331974,
    "n": 65784,
    "r2": 0.7659362205905726,
    "basis": "dz \u2248 a0 + a1*p1 + a2*p2 + a3*p1^2 + a4*p2^2 + a5*p1*p2"
  }
}