{
  "deg": 3,
  "lambda": 0.001,
  "rmse": 0.23089218319028493,
  "mae": 0.17171272812314795,
  "r2": 0.4732196019550333
}