{
  "model": "NARX",
  "degree": 3,
  "ridge_alpha": 0.001,
  "lag_y": 3,
  "lag_u": 3,
  "delay": 5,
  "coef": [
    2.7002208222321484,
    -2.4257974973480203,
    0.7270754770745131,
    -0.5710545166443198,
    0.7391523351906035,
    0.7231820543398618,
    1.6306157835554853,
    -0.20959260684019212,
    -2.3289102385901357,
    -0.0896442835635179,
    0.30755123233405735,
    -0.13496832336971798,
    -2.3093320945571687,
    0.8315742868362077,
    4.612347858228079,
    -0.716474035244914,
    -3.2310940610711807,
    0.31207220821779896,
    -0.2637195514216292,
    0.23243682668270457,
    3.778450634210007,
    -0.7181946682861076,
    -7.7035904286027055,
    0.4366997527173775,
    5.681683720508764,
    -0.513165348472396,
    -0.051675445646920386,
    -1.679636820217228,
    -0.03510310654414427,
    3.353763529693447,
    0.2224975711427723,
    -2.513923892183186,
    0.18354679072785837,
    3.6024643624136172,
    15.635297897004907,
    -4.161149420677945,
    3.7621113125231798,
    0.6795148702923791,
    -0.48286476253139576,
    -1.6190017947202198,
    -18.05520160888893,
    -1.8224990523685172,
    4.553137221047265,
    -0.4141824208806665,
    -2.0907521116862906,
    -8.178890284587181,
    2.729266771421483,
    -2.3693938225473006,
    2.0174192286143056,
    4.872219934137688,
    1.8365680987950166,
    -0.678902795221336,
    0.9849996961832899,
    -0.18778690389597372,
    -0.5648112319362514,
    3.1531309545187174,
    -1.4975178558161928,
    -0.454767546836717,
    2.7453338568751193,
    0.7893875235914651,
    -0.2786496320074917,
    -0.32101032320755796,
    -0.11476733888253426,
    -5.850132898780009,
    5.543482089024126,
    1.0387831571255024,
    -9.461835090454853,
    -1.0659596976254737,
    0.22215979518089574,
    0.041452824713710076,
    0.2306506133305148,
    -1.3107027173047197,
    -0.02271743121326013,
    4.436373223834575,
    -0.6889719658537574,
    -0.23484182089149966,
    0.6792102018156204,
    0.1480282929632501,
    -6.314182100430311,
    -3.301674032325105,
    2.580817402001669,
    1.1858321115903399,
    2.137797124193465,
    -0.16949554821837162,
    -12.549877126893161,
    0.09046794192409491,
    1.7839378743852294,
    2.60896512549155,
    8.303514258552653,
    7.411532267960973,
    -0.4340793000049263,
    -1.2955113034960881,
    0.1005203273159295,
    3.7607570008249103,
    1.0179705437159958,
    -5.694338001486464,
    -3.978962876207192,
    -1.7433272360446455,
    2.331852292193226,
    3.6054803219173346,
    -5.110393503287619,
    -0.35562819818415625,
    8.215314491032522,
    -0.8846710464820075,
    0.6886640063178426,
    1.166277383287993,
    -0.2985628235248379,
    2.4090470388088847,
    -0.5477016723121118,
    -7.7798732886363435,
    3.184881194593115,
    -0.5713989952826041,
    -2.520438422513478,
    0.06159388969720861,
    13.934108374885087,
    2.198625480264966,
    -5.182632596254047,
    1.289631573158525,
    -8.200598418203008,
    1.5738244985389502,
    18.3817157420084,
    0.4987913568243811,
    -0.28393291885569916,
    -2.5656213021603516,
    -12.5974180638102,
    -9.735680240132803,
    -1.6210283022110055,
    -4.739626548231019,
    1.288467785844733,
    2.2231355815370804,
    -1.9020844178997636,
    -8.841740636282147,
    12.833609193644836,
    0.444196368494274,
    5.127002104281626,
    -0.3775845755086813,
    0.342998103963274,
    1.8503143789403056,
    -1.3364662925438877,
    0.17091427381236135,
    0.9553519656533835,
    -0.028931377378363852,
    -6.655137919274979,
    -0.4546474536646089,
    -0.4525870671797713,
    -0.4946441296409223,
    7.39860013974873,
    -2.0003134782446423,
    -6.0670461618292135,
    1.3375525391704786,
    -6.666498682986145,
    -0.5453275424593121,
    9.012252297413802,
    5.027309227018739,
    -0.18427838289926915,
    3.4826029792165936,
    -0.7230304236014,
    3.652733585242525,
    1.2805958221930969,
    1.1872528278685093,
    -8.242753626078082,
    1.2226967407141998,
    -3.105585650362673,
    0.34050008553403577,
    -15.529456068525993,
    -2.3947097504301285,
    -1.427243746535715,
    4.582527739512831,
    5.996690790922423,
    7.236064606723669,
    0.2957626441815799,
    1.567108256135517,
    26.633933527459238,
    2.636025751809026,
    -3.1393497325759214,
    2.5611899534318816,
    0.27613688401281355,
    0.05412629886682049,
    -0.7023253692079569,
    -0.5972805875165447,
    -1.4196099033232936,
    -4.893775524792848,
    -24.849628181674326,
    -5.489766402297063,
    4.283463025919964,
    -0.7350612353152743,
    3.3441731608117355,
    -4.1172582736916805,
    9.538059430417585,
    -5.533759498358403,
    -3.0206470342340848,
    0.9364965181914318,
    0.955746880807137,
    -1.8308628853636437,
    -3.1995262758159013,
    -2.529128152095074,
    -9.259961474075928,
    3.1623085467885543,
    -10.65051747757474,
    0.8989395992312016,
    3.9626043361446732,
    3.8963742593392965,
    9.023857242276296,
    -2.0331847761501898,
    -0.2759254847659679,
    -0.28259010320645517,
    1.8223414327693745,
    0.06891394318876197,
    -2.5516197422957805,
    -2.945537874652428,
    0.6818431113915023,
    -2.4876488930809866,
    -2.565644993569205,
    4.267558169809156,
    -1.8292222245670358,
    -1.4166688502269935,
    9.785011893917888,
    3.1346033613290736,
    6.190399908211329
  ],
  "intercept": 0.006909587407817774,