{
  "train": {
    "rmse": 0.026493869721889496,
    "mae": 0.021189609542489052,
    "bias": 0.0006421201978810132
  },
  "val": {
    "rmse": 0.024555383250117302,
    "mae": 0.01899651624262333,
    "bias": -0.006117178127169609
  },
  "test": {
    "rmse": 0.046324700117111206,
    "mae": 0.04623349383473396,
    "bias": -0.0462210439145565
  },
  "rollout_test": {
    "rmse": 0.09203496998700277,
    "mae": 0.0919931440234462,
    "bias": -0.0919931440234462,
    "n": 1201
  }
}