{
  "model_type": "NARX_MLP_p1p2_cmd",
  "feature_names_single_slice": [
    "theta[rad]",
    "p1_cmd[MPa]",
    "p2_cmd[MPa]",
    "dp1_cmd_dt[MPa/s]",
    "dp2_cmd_dt[MPa/s]"
  ],
  "lags": 30,
  "delay": 17,
  "delay_measured_ms": 83.58,
  "mu": [
    -0.11772114038467407,
    0.37061232328414917,
    0.2877735197544098,
    0.0001377547741867602,
    0.00014653382822871208,
    -0.11772406846284866,
    0.37061163783073425,
    0.2877727746963501,
    0.00012143596541136503,
    0.00015913057723082602,
    -0.11772695928812027,
    0.37061113119125366,
    0.28777194023132324,
    0.00010401681356597692,
    0.00017262306937482208,
    -0.11772997677326202,
    0.37061062455177307,
    0.2877710461616516,
    8.650743984617293e-05,
    0.00018602998170536011,
    -0.11773298680782318,
    0.37061023712158203,
    0.2877700924873352,
    6.947154906811193e-05,
    0.00019881290791090578,
    -0.11773604154586792,
    0.37060996890068054,
    0.287769079208374,
    5.39326538273599e-05,
    0.00020995023078285158,
    -0.11773909628391266,
    0.37060976028442383,
    0.28776800632476807,
    4.0570375858806074e-05,
    0.00021877912513446063,
    -0.11774224042892456,
    0.3706095516681671,
    0.2877669036388397,
    2.957302422146313e-05,
    0.0002250891411677003,
    -0.11774538457393646,
    0.37060946226119995,
    0.287765771150589,
    2.0794632291654125e-05,
    0.00022907965467311442,
    -0.11774855852127075,
    0.3706093728542328,
    0.2877645790576935,
    1.3731428225582931e-05,
    0.00023132807109504938,
    -0.11775164306163788,
    0.3706093430519104,
    0.28776344656944275,
    7.612026365677593e-06,
    0.00023257041175384074,
    -0.11775480955839157,
    0.370609313249588,
    0.28776228427886963,
    1.5639735693184775e-06,
    0.00023373418662231416,
    -0.11775795370340347,
    0.370609313249588,
    0.2877611219882965,
    -4.65184575659805e-06,
    0.0002362609375268221,
    -0.11776115000247955,
    0.3706093430519104,
    0.287759929895401,
    -1.0519059287616983e-05,
    0.00024198328901547939,
    -0.11776432394981384,
    0.3706094026565552,
    0.2877587080001831,
    -1.704793976387009e-05,
    0.00025079393526539207,
    -0.1177675649523735,
    0.3706095218658447,
    0.28775739669799805,
    -2.374193718424067e-05,
    0.0002562676672823727,
    -0.11777079850435257,
    0.37060967087745667,
    0.2877561151981354,
    -3.032227323274128e-05,
    0.0002581702428869903,
    -0.11777406185865402,
    0.370609849691391,
    0.2877548038959503,
    -3.820881465799175e-05,
    0.00026142821297980845,
    -0.11777732521295547,
    0.3706100881099701,
    0.28775349259376526,
    -4.6695658966200426e-05,
    0.00026535720098763704,
    -0.1177806705236435,
    0.3706102967262268,
    0.2877521514892578,
    -5.4820422519696876e-05,
    0.0002691148256417364,
    -0.11778399348258972,
    0.37061062455177307,
    0.28775081038475037,
    -6.194462912390009e-05,
    0.00027202151250094175,
    -0.11778735369443893,
    0.3706109821796417,
    0.28774943947792053,
    -6.753762863809243e-05,
    0.00027353534824214876,
    -0.11779071390628815,
    0.3706113398075104,
    0.2877480983734131,
    -7.124282274162397e-05,
    0.00027333758771419525,
    -0.11779405921697617,
    0.3706117272377014,
    0.28774672746658325,
    -7.306435145437717e-05,
    0.0002714782895054668,
    -0.11779741197824478,
    0.3706120550632477,
    0.2877453565597534,
    -7.336086127907038e-05,
    0.00026830105343833566,
    -0.11780079454183578,
    0.3706124722957611,
    0.28774407505989075,
    -7.276870746864006e-05,
    0.000264443428022787,
    -0.1178041622042656,
    0.37061282992362976,
    0.2877427339553833,
    -7.209430623333901e-05,
    0.0002607218630146235,
    -0.11780756711959839,
    0.3706131875514984,
    0.28774145245552063,
    -7.614573405589908e-05,
    0.0002619566803332418,
    -0.11781095713376999,
    0.37061360478401184,
    0.2877401113510132,
    -8.819172944640741e-05,
    0.00027144039631821215,
    -0.11781436949968338,
    0.37061408162117004,
    0.28773874044418335,
    -0.00010361705790273845,
    0.00028454468701966107
  ],
  "std": [
    0.33198821544647217,
    0.24281379580497742,
    0.23447760939598083,
    2.0586352348327637,
    2.0664193630218506,
    0.33198603987693787,
    0.24281251430511475,
    0.23447668552398682,
    2.0586235523223877,
    2.0664191246032715,
    0.3319843113422394,
    0.2428111881017685,
    0.23447561264038086,
    2.0586202144622803,
    2.0664103031158447,
    0.3319820463657379,
    0.24280987679958344,
    0.2344745546579361,
    2.0586040019989014,
    2.066401720046997,
    0.3319798409938812,
    0.2428082674741745,
    0.23447467386722565,
    2.058588743209839,
    2.0663931369781494,
    0.3319781422615051,
    0.24280697107315063,
    0.23447352647781372,
    2.058577299118042,
    2.0663888454437256,
    0.3319762051105499,
    0.24280564486980438,
    0.2344730645418167,
    2.058568000793457,
    2.0663836002349854,
    0.3319742977619171,
    0.24280422925949097,
    0.23447191715240479,
    2.058560848236084,
    2.066377639770508,
    0.33197253942489624,
    0.24280282855033875,
    0.23447075486183167,
    2.0585532188415527,
    2.066371440887451,
    0.33197021484375,
    0.24280136823654175,
    0.23446990549564362,
    2.0585477352142334,
    2.06636381149292,
    0.33196893334388733,
    0.24279989302158356,
    0.23446862399578094,
    2.0585427284240723,
    2.0663552284240723,
    0.3319668769836426,
    0.2427983582019806,
    0.23446743190288544,
    2.058537006378174,
    2.0663464069366455,
    0.3319650888442993,
    0.24279679358005524,
    0.2344660460948944,
    2.05853271484375,
    2.0663373470306396,
    0.3319632411003113,
    0.2427951693534851,
    0.2344648241996765,
    2.058530330657959,
    2.066326856613159,
    0.3319616913795471,
    0.24279356002807617,
    0.23446252942085266,
    2.058528423309326,
    2.0663135051727295,
    0.33195987343788147,
    0.24279190599918365,
    0.23446086049079895,
    2.058525562286377,
    2.066310167312622,
    0.331958144903183,
    0.24279029667377472,
    0.2344593107700348,
    2.0585203170776367,
    2.066309690475464,
    0.33195599913597107,
    0.2427886426448822,
    0.2344581037759781,
    2.0585134029388428,
    2.0663092136383057,
    0.3319546580314636,
    0.24278703331947327,
    0.23445649445056915,
    2.0585060119628906,
    2.0663089752197266,
    0.3319533169269562,
    0.24278539419174194,
    0.23445506393909454,
    2.0584986209869385,
    2.06630802154541,
    0.3319520354270935,
    0.24278400838375092,
    0.2344534993171692,
    2.0584938526153564,
    2.0663070678710938,
    0.3319508135318756,
    0.2427823692560196,
    0.23445187509059906,
    2.05849027633667,
    2.0663068294525146,
    0.33194929361343384,
    0.24278070032596588,
    0.2344503551721573,
    2.0584893226623535,
    2.0663068294525146,
    0.33194831013679504,
    0.24277906119823456,
    0.23444902896881104,
    2.0584888458251953,
    2.0663065910339355,
    0.33194708824157715,
    0.24277734756469727,
    0.2344479262828827,
    2.0584888458251953,
    2.066305637359619,
    0.331945538520813,
    0.24277572333812714,
    0.23444634675979614,
    2.0584888458251953,
    2.066303014755249,
    0.33194392919540405,
    0.2427741438150406,
    0.23444470763206482,
    2.058488607406616,
    2.066300868988037,
    0.3319425880908966,
    0.24277247488498688,
    0.2344430834054947,
    2.0584876537323,
    2.0662999153137207,
    0.33194127678871155,
    0.24277091026306152,
    0.2344420999288559,
    2.058480739593506,
    2.066296339035034,
    0.33193984627723694,
    0.24276931583881378,
    0.23444028198719025,
    2.0584676265716553,
    2.0662858486175537
  ],
  "hidden": 256,
  "dropout": 0.08,
  "train_dyn_csvs": [
    "dyn_prbs_broad.csv",
    "dyn_multisine_rich.csv",
    "dyn_random_large.csv",
    "dyn_boundary_stress.csv"
  ],