{
  "deg": 3,
  "coef": [
    0.07012353258384375,
    2.903999395088137,
    0.5685600068092452,
    -0.9077077990312703,
    -0.6038315749134802,
    -1.9607455663072952,
    -1.139246351631749,
    1.3318991699281935,
    0.03255609251330523,
    -0.7032055885699282
  ],
  "tau0": 0.8398819939317121,
  "tau1": -0.43421680172246224,
  "rmse": 0.08505206606135833,
  "mae": 0.06618828097120782
}