{
  "model": "ARX",
  "coef": [
    1.3586124155706703,
    -0.09712105181516316,
    -0.28004363276865685,
    0.49848076079951026,
    1.7540509950068774,
    -0.04408504085332695,
    3.7597220112981704,
    -0.38967457134784234,
    -4.151306568049059
  ],
  "intercept": -0.07779357105145568,
  "lag_y": 3,
  "lag_u": 3,
  "delay": 5
}