{
  "kernel": "0.936**2 * RBF(length_scale=[0.042, 0.01]) + WhiteKernel(noise_level=0.1)",
  "dyn": {
    "d": 0,
    "alpha": 1.8674689540226297,
    "kS": -0.21146145197032135,
    "kD": -0.9698302287701882,
    "rmse": 14.088896709532772
  }
}