{
  "M": 8,
  "hidden": 64,
  "learn_centers": false,
  "dyn": {
    "d": 4,
    "alpha": 5.544720476016052,
    "kS": 1.122912399860022,
    "kD": -0.9698247191833071,
    "rmse": 7.247783521351555
  }
}