{
  "results": [
    {
      "model": "NARX",
      "val_rmse_deg": 4.703951057213025,
      "degree": 2,
      "coef": [
        -0.03573653464176472,
        1.4518906516431738,
        -0.14963015421636675,
        -0.3073272201306907,
        -0.016276067043160335,
        0.20537224943797047,
        0.43528407516438694,
        -1.3706800468494704,
        -0.5972974433380267,
        2.8941570915445607,
        0.0022948769484842303,
        0.0033217283742435883,
        -0.00736045297310974,
        0.22291615703894851,
        -1.4735454766006932,
        1.6924332235206065,
        1.9560237889887722,
        -2.122528400054085,
        -0.5346772406243279,
        -0.005878569420801056,
        0.008991732006688305,
        0.9485671031576319,
        1.6557273091859845,
        -4.238332583000037,
        0.5471432688680303,
        3.3691687596893436,
        -2.1759697525820747,
        -0.0013038572879483941,
        -1.1567726400808858,
        -0.17571122491532137,
        2.5577254367564928,
        -2.5062703053565643,
        -1.3123268288654482,
        2.7045576623562435,
        0.5927158250679889,
        0.8199131796278124,
        -2.217974515749349,
        -4.236195999922201,
        1.2313793697331008,
        2.0284540875975132,
        -0.37837241078921524,
        0.9781617241993167,
        0.9169668851932249,
        -0.9418160621943871,
        -0.5561952010112354,
        2.0040584719230914,
        0.5679617711869109,
        -2.5701719592751564,
        0.422015742185094,
        0.6969343686297519,
        -0.20208746887063148,
        -1.597730174050278,
        1.1797610010471098,
        1.0805144093420644,
        0.7808965723277381
      ],
      "lag_y": 3,
      "lag_u": 3,
      "delay": 0
    },
    {
      "model": "ARX",
      "val_rmse_deg": 6.266432059718613,
      "coef": [
        1.3586124155706703,
        -0.09712105181516316,
        -0.28004363276865685,
        0.49848076079951026,
        1.7540509950068774,
        -0.04408504085332695,
        3.7597220112981704,
        -0.38967457134784234,
        -4.151306568049059
      ],
      "intercept": -0.07779357105145568,
      "lag_y": 3,
      "lag_u": 3,
      "delay": 5
    },
    {
      "model": "MonoNN",
      "val_rmse_deg": 7.247783521351555,
      "dynamics": {
        "d": 4,
        "alpha": 5.544720476016052,
        "kS": 1.122912399860022,
        "kD": -0.9698247191833071,
        "rmse": 7.247783521351555
      },
      "logs": [
        {
          "d": 0,
          "alpha": 4.191836257343124,
          "kS": -0.30128365309747124,
          "kD": -0.9698302287701882,
          "rmse": 7.825946628290308
        },
        {
          "d": 1,
          "alpha": 4.503641357579147,
          "kS": -0.06933463302254342,
          "kD": -0.9698309199157004,
          "rmse": 7.633923694527287
        },
        {
          "d": 2,
          "alpha": 4.840806324997811,
          "kS": 0.252149107540225,
          "kD": -0.9698298460792348,
          "rmse": 7.465697843449237
        },
        {
          "d": 3,
          "alpha": 5.193981125131741,
          "kS": 0.6556887115149633,
          "kD": -0.9698276247955603,
          "rmse": 7.332358066126859
        },
        {
          "d": 4,
          "alpha": 5.544720476016052,
          "kS": 1.122912399860022,
          "kD": -0.9698247191833071,
          "rmse": 7.247783521351555
        },
        {
          "d": 5,
          "alpha": 5.157143082778479,
          "kS": 1.6637912099408967,
          "kD": 5.399908627720203,
          "rmse": 7.288892663527056
        }
      ]
    },
    {
      "model": "HW_RBF",
      "val_rmse_deg": 9.303851762966309,
      "dynamics": {
        "d": 4,
        "alpha": 4.427973401764082,
        "kS": 1.213323570218214,
        "kD": 1.8158412821293566,
        "rmse": 9.303851762966309
      },
      "logs": [
        {
          "d": 0,
          "alpha": 3.597379382447075,
          "kS": -0.230856123210987,
          "kD": -0.9698302287701882,
          "rmse": 9.852110734913364
        },
        {
          "d": 1,
          "alpha": 3.864724167491836,
          "kS": 0.004072392832143436,
          "kD": -0.9698309199157004,
          "rmse": 9.662175980544625
        },
        {
          "d": 2,
          "alpha": 4.149375143662692,
          "kS": 0.3271221058897814,
          "kD": -0.9698298460792348,
          "rmse": 9.490046364442078
        },
        {
          "d": 3,
          "alpha": 4.438644034800172,
          "kS": 0.7300532717977396,
          "kD": -0.9698276247955603,
          "rmse": 9.34841223939132
        },
        {
          "d": 4,
          "alpha": 4.427973401764082,
          "kS": 1.213323570218214,
          "kD": 1.8158412821293566,
          "rmse": 9.303851762966309
        },
        {
          "d": 5,
          "alpha": 3.9176716084178222,
          "kS": 1.7409542321048999,
          "kD": 8.73337877341643,
          "rmse": 9.342076782196825
        }
      ]
    },
    {
      "model": "HW_Poly",
      "val_rmse_deg": 9.39547316858221,
      "dynamics": {
        "d": 4,
        "alpha": 4.387720519010149,
        "kS": 1.2251686694989712,
        "kD": 1.8491040960629086,
        "rmse": 9.39547316858221
      },
      "logs": [
        {
          "d": 0,
          "alpha": 3.5752745191096413,
          "kS": -0.2212090961399026,
          "kD": -0.9698302287701882,
          "rmse": 9.935383477206104
        },
        {
          "d": 1,
          "alpha": 3.841070953813386,
          "kS": 0.014323112595540918,
          "kD": -0.9698309199157004,
          "rmse": 9.745874223638964
        },
        {
          "d": 2,
          "alpha": 4.122783900077174,
          "kS": 0.3380631528212232,
          "kD": -0.9698298460792348,
          "rmse": 9.575183589144489
        },
        {
          "d": 3,
          "alpha": 4.406948516605361,
          "kS": 0.7417469282638431,
          "kD": -0.9698276247955603,
          "rmse": 9.436300048907373
        },
        {
          "d": 4,
          "alpha": 4.387720519010149,
          "kS": 1.2251686694989712,
          "kD": 1.8491040960629086,
          "rmse": 9.39547316858221
        },
        {
          "d": 5,
          "alpha": 3.8728230004763855,
          "kS": 1.7513153563339818,
          "kD": 8.781778658921501,
          "rmse": 9.436545901534027
        }
      ]
    },
    {
      "model": "PWA",
      "val_rmse_deg": 9.45671796371058,
      "dynamics": {
        "d": 4,
        "alpha": 4.320934533448035,
        "kS": 1.2355263087034698,
        "kD": 2.064546413797119,
        "rmse": 9.45671796371058
      },
      "logs": [
        {
          "d": 0,
          "alpha": 3.55793633943801,
          "kS": -0.21484665366718564,
          "kD": -0.9698302287701882,
          "rmse": 9.974563917483053
        },
        {
          "d": 1,
          "alpha": 3.8185290026420167,
          "kS": 0.021514650521642944,
          "kD": -0.9698309199157004,
          "rmse": 9.789348416634281
        },
        {
          "d": 2,
          "alpha": 4.093497263881431,
          "kS": 0.3461323997202508,
          "kD": -0.9698298460792348,
          "rmse": 9.62352124796803
        },
        {
          "d": 3,
          "alpha": 4.369667815710383,
          "kS": 0.7505923199890621,
          "kD": -0.9698276247955603,
          "rmse": 9.48970590933785
        },
        {
          "d": 4,
          "alpha": 4.320934533448035,
          "kS": 1.2355263087034698,
          "kD": 2.064546413797119,
          "rmse": 9.45671796371058
        },
        {
          "d": 5,
          "alpha": 3.7997419365341494,
          "kS": 1.7601954643400703,
          "kD": 9.000149551211484,
          "rmse": 9.49806381932555
        }
      ]
    },
    {
      "model": "GP",
      "val_rmse_deg": 14.088896709532772,
      "dynamics": {
        "d": 0,
        "alpha": 1.8674689540226297,
        "kS": -0.21146145197032135,