{
  "model": "HW_Poly",
  "dynamics": {
    "d": 0,
    "alpha": 5.6613045819726704e-12,
    "kS": 0.3077508090190851,
    "kD": -0.7613738469962644,
    "rmse": 19.077174789387
  },
  "logs": [
    {
      "d": 0,
      "alpha": 5.6613045819726704e-12,
      "kS": 0.3077508090190851,
      "kD": -0.7613738469962644,
      "rmse_mean": 19.077174789387,
      "rmse_each": [
        24.0574347603911,
        14.904114744371409,
        18.269974863398495
      ]
    },
    {
      "d": 1,
      "alpha": 1.937211845277753e-13,
      "kS": 0.32327541716896907,
      "kD": -0.7577548945911415,
      "rmse_mean": 19.077282133990114,
      "rmse_each": [
        24.057557233259104,
        14.904218050779212,
        18.270071117932027
      ]
    },
    {
      "d": 2,
      "alpha": 7.274973336351551e-15,
      "kS": 0.33228839699421664,
      "kD": -0.7543139049803543,
      "rmse_mean": 19.08056945311034,
      "rmse_each": [
        24.067187783571637,
        14.904316666212143,
        18.27020390954724
      ]
    },
    {
      "d": 3,
      "alpha": 5.905362873285509e-10,
      "kS": 0.3341258646812445,
      "kD": -0.7510004145401541,
      "rmse_mean": 19.0813280123246,
      "rmse_each": [
        24.067339490696035,
        14.904409572114742,
        18.272234974163027
      ]
    }
  ],
  "z_coef": [
    -0.0008889389615691689,
    0.0015126432985308183,
    -0.003590664172686442,
    0.007566793729360121,
    -0.010269584996932292,
    -0.000524676346874792
  ],
  "z_feat_names": [
    "1",
    "ps",
    "pd",
    "ps*pd",
    "ps^2",
    "pd^2"
  ],
  "z_mode": "learn",
  "z_feat": "quad",
  "z_metrics": {
    "rmse_tr": 0.002132734637871604,
    "mae_tr": 0.0016082206678203793,
    "r2_tr": 0.8355499922302836,
    "rmse_va": 0.004187959586074567,
    "mae_va": 0.0035746214947061142,
    "r2_va": 0.27731440282532127
  }
}