{
  "model": "HW_RBF",
  "dynamics": {
    "d": 0,
    "alpha": 2.529521542084774e-11,
    "kS": 0.30775080903222496,
    "kD": -0.7613738469961908,
    "rmse": 19.07717478890072
  },
  "logs": [
    {
      "d": 0,
      "alpha": 2.529521542084774e-11,
      "kS": 0.30775080903222496,
      "kD": -0.7613738469961908,
      "rmse_mean": 19.07717478890072,
      "rmse_each": [
        24.0574347600235,
        14.904114743399639,
        18.269974863279018
      ]
    },
    {
      "d": 1,
      "alpha": 9.293878031289742e-12,
      "kS": 0.32327541717488933,
      "kD": -0.7577548945911774,
      "rmse_mean": 19.077282133778212,
      "rmse_each": [
        24.05755723309761,
        14.904218050352531,
        18.270071117884495
      ]
    },
    {
      "d": 2,
      "alpha": 3.5340850458698718e-12,
      "kS": 0.3322883969965101,
      "kD": -0.7543139049803824,
      "rmse_mean": 19.08056945301966,
      "rmse_each": [
        24.06718778348251,
        14.904316666047428,
        18.270203909529044
      ]
    },
    {
      "d": 3,
      "alpha": 1.3263396139837849e-12,
      "kS": 0.33412586434103797,
      "kD": -0.751000414524387,
      "rmse_mean": 19.08132802411271,
      "rmse_each": [
        24.06733950316321,
        14.904409593854584,
        18.272234975320348
      ]
    }
  ],
  "z_coef": [
    -0.0008889389615691689,
    0.0015126432985308183,
    -0.003590664172686442,
    0.007566793729360121,
    -0.010269584996932292,
    -0.000524676346874792
  ],
  "z_feat_names": [
    "1",
    "ps",
    "pd",
    "ps*pd",
    "ps^2",
    "pd^2"
  ],
  "z_mode": "learn",
  "z_feat": "quad",
  "z_metrics": {
    "rmse_tr": 0.002132734637871604,
    "mae_tr": 0.0016082206678203793,
    "r2_tr": 0.8355499922302836,
    "rmse_va": 0.004187959586074567,
    "mae_va": 0.0035746214947061142,
    "r2_va": 0.27731440282532127
  }
}