{
  "model": "PWA",
  "dynamics": {
    "d": 0,
    "alpha": 1.4663084719251735e-15,
    "kS": 0.3077508090158407,
    "kD": -0.7613738469961765,
    "rmse": 19.077174789486847
  },
  "logs": [
    {
      "d": 0,
      "alpha": 1.4663084719251735e-15,
      "kS": 0.3077508090158407,
      "kD": -0.7613738469961765,
      "rmse_mean": 19.077174789486847,
      "rmse_each": [
        24.05743476047068,
        14.904114744580438,
        18.269974863409423
      ]
    },
    {
      "d": 1,
      "alpha": 6.679717210255511e-16,
      "kS": 0.32327541716885677,
      "kD": -0.7577548945911374,
      "rmse_mean": 19.077282133993563,
      "rmse_each": [
        24.057557233261942,
        14.904218050786351,
        18.2700711179324
      ]
    },
    {
      "d": 2,
      "alpha": 3.7300606045750347e-16,
      "kS": 0.3322883969942123,
      "kD": -0.7543139049803544,
      "rmse_mean": 19.08056945311046,
      "rmse_each": [
        24.06718778357172,
        14.904316666212404,
        18.270203909547256
      ]
    },
    {
      "d": 3,
      "alpha": 3.2515241839945386e-16,
      "kS": 0.3341258643401706,
      "kD": -0.7510004145243718,
      "rmse_mean": 19.081328024146504,
      "rmse_each": [
        24.06733950319715,
        14.904409593916515,
        18.272234975325855
      ]
    }
  ],
  "z_coef": [
    -0.0008889389615691689,
    0.0015126432985308183,
    -0.003590664172686442,
    0.007566793729360121,
    -0.010269584996932292,
    -0.000524676346874792
  ],
  "z_feat_names": [
    "1",
    "ps",
    "pd",
    "ps*pd",
    "ps^2",
    "pd^2"
  ],
  "z_mode": "learn",
  "z_feat": "quad",
  "z_metrics": {
    "rmse_tr": 0.002132734637871604,
    "mae_tr": 0.0016082206678203793,
    "r2_tr": 0.8355499922302836,
    "rmse_va": 0.004187959586074567,
    "mae_va": 0.0035746214947061142,
    "r2_va": 0.27731440282532127
  }
}