{
  "model": "HW_RBF",
  "dynamics": {
    "d": 0,
    "alpha": 2.529521542238915e-11,
    "kS": 0.30775080903222374,
    "kD": -0.7613738469961906,
    "rmse": 19.07717478890072
  },
  "logs": [
    {
      "d": 0,
      "alpha": 2.529521542238915e-11,
      "kS": 0.30775080903222374,
      "kD": -0.7613738469961906,
      "rmse_mean": 19.07717478890072,
      "rmse_each": [
        24.0574347600235,
        14.904114743399639,
        18.269974863279018
      ]
    },
    {
      "d": 1,
      "alpha": 9.293878030093183e-12,
      "kS": 0.32327541717489,
      "kD": -0.757754894591177,
      "rmse_mean": 19.077282133778212,
      "rmse_each": [
        24.057557233097608,
        14.904218050352531,
        18.270071117884495
      ]
    },
    {
      "d": 2,
      "alpha": 3.5340850444300048e-12,
      "kS": 0.3322883969965098,
      "kD": -0.7543139049803824,
      "rmse_mean": 19.08056945301966,
      "rmse_each": [
        24.06718778348251,
        14.904316666047428,
        18.270203909529044
      ]
    },
    {
      "d": 3,
      "alpha": 1.3263396134666334e-12,
      "kS": 0.33412586434103775,
      "kD": -0.7510004145243869,
      "rmse_mean": 19.081328024112718,
      "rmse_each": [
        24.06733950316321,
        14.904409593854588,
        18.272234975320348
      ]
    }
  ],
  "z_coef": [
    -0.0008830457109860875,
    0.0014793881718100955,
    -0.0035300025103082956,
    0.007464802112468976,
    -0.010253824628923264,
    -0.0005012076738936915
  ],
  "z_feat_names": [
    "1",
    "ps",
    "pd",
    "ps*pd",
    "ps^2",
    "pd^2"
  ],
  "z_mode": "learn",
  "z_feat": "quad",
  "z_metrics": {
    "rmse_tr": 0.0021344670956210724,
    "mae_tr": 0.0016097729632149134,
    "r2_tr": 0.8358542011319244,
    "rmse_va": 0.004177174808177705,
    "mae_va": 0.003561980331115857,
    "r2_va": 0.28064989687182107
  }
}