{
  "results": [
    {
      "model": "HW_RBF",
      "val_rmse_deg": 19.07717478890072,
      "dynamics": {
        "d": 0,
        "alpha": 2.529521542238915e-11,
        "kS": 0.30775080903222374,
        "kD": -0.7613738469961906,
        "rmse": 19.07717478890072
      },
      "logs": [
        {
          "d": 0,
          "alpha": 2.529521542238915e-11,
          "kS": 0.30775080903222374,
          "kD": -0.7613738469961906,
          "rmse_mean": 19.07717478890072,
          "rmse_each": [
            24.0574347600235,
            14.904114743399639,
            18.269974863279018
          ]
        },
        {
          "d": 1,
          "alpha": 9.293878030093183e-12,
          "kS": 0.32327541717489,
          "kD": -0.757754894591177,
          "rmse_mean": 19.077282133778212,
          "rmse_each": [
            24.057557233097608,
            14.904218050352531,
            18.270071117884495
          ]
        },
        {
          "d": 2,
          "alpha": 3.5340850444300048e-12,
          "kS": 0.3322883969965098,
          "kD": -0.7543139049803824,
          "rmse_mean": 19.08056945301966,
          "rmse_each": [
            24.06718778348251,
            14.904316666047428,
            18.270203909529044
          ]
        },
        {
          "d": 3,
          "alpha": 1.3263396134666334e-12,
          "kS": 0.33412586434103775,
          "kD": -0.7510004145243869,
          "rmse_mean": 19.081328024112718,
          "rmse_each": [
            24.06733950316321,
            14.904409593854588,
            18.272234975320348
          ]
        }
      ]
    }
  ],
  "N": 336955,
  "dt": 0.004997253417975855,
  "val_ratio": 0.2,
  "n_sessions": 3,
  "dyn_csvs": [
    "out/dynamic_prbs_data.csv",
    "out/dynamic_multi_data.csv",
    "out/dynamic_cyrip_data.csv"
  ],
  "stat_csvs": [
    "out/static1_data.csv",
    "out/static2_data.csv"
  ]
}