{
  "delay_p1_corr": 0.09995460000027379,
  "delay_p2_corr": 0.11494779000031485,
  "delay_p1_step": 0.10713935000000019,
  "delay_p2_step": 0.00502574499999997,
  "delay_avg": 0.0817668712501472,
  "delay_std": 0.04462266795656157,
  "n_steps_200Hz": 16,
  "n_steps_100Hz": 8,
  "dt_sampling": 0.004997730000013689
}