{
  "model": "NARX",
  "degree": 3,
  "coef": [
    0.12524162815471168,
    1.5547899295958174,
    -0.22275632045176433,
    -0.3101273112489183,
    -0.11172218790350986,
    -0.9766150411302558,
    1.6188667191194936,
    -2.5713454846063044,
    -2.480519664232091,
    2.699103196432463,
    0.014313370986288753,
    -0.0008112031385199891,
    -0.028383033030440097,
    0.56416071322065,
    -1.019598545178469,
    2.4925550474153546,
    2.245471788022963,
    -3.4894403311974536,
    -1.4741157340392155,
    -0.014948661057095008,
    0.03162780281290677,
    -1.2542025690722913,
    0.9994933992487093,
    0.23552927541741756,
    -1.136911932789184,
    1.3020852991091918,
    0.49611711470305314,
    -0.0024085139600545226,
    0.6904700535719062,
    -0.00875268164654493,
    -2.6784733243475545,
    -1.0540758591344868,
    1.9779581114021043,
    1.0587627963686341,
    1.4876597508707052,
    21.50468534109944,
    -7.672388613832228,
    0.6619431046772138,
    6.883239773763438,
    -14.73216796065465,
    -1.210253591125354,
    0.5393288816169822,
    -1.5243235892327591,
    -13.26608942201305,
    5.863621242571362,
    0.3806881671233163,
    8.590922374484707,
    1.2059068422473098,
    0.2287048847523121,
    -3.7546389207193314,
    5.3915764385560845,
    3.0251664907160296,
    -0.818575317298174,
    3.565250045233107,
    -6.8890751706260875,
    -0.005127583673545311,
    0.01781916768512862,
    -0.0037834324233683918,
    0.3079988378537928,
    0.030768907485063755,
    -0.6684912485396436,
    0.10362707541257961,
    0.33036109839250166,
    -0.05302234982897173,
    -0.01541643949623473,
    -0.002879698988785589,
    -0.9035547972193988,
    -0.20106528448449407,
    2.1540558773854697,
    0.3641639066420541,
    -1.2558726541969463,
    -0.44968858502243797,
    0.005094797263562533,
    0.29122700076111985,
    0.18378540396386264,
    -0.827932431893277,
    -0.554789648152654,
    0.5971248774733366,
    0.5467494885245542,
    5.750499694765477,
    -11.437853735511075,
    -13.330301687923134,
    15.353208872370587,
    0.5330178097937744,
    -4.582815829673669,
    8.277979419004222,
    7.953184451199983,
    -29.402932469049677,
    5.333690874465192,
    11.896040363601104,
    1.32497587499688,
    -11.029449571526873,
    7.3583811845902165,
    4.8041267726977095,
    18.339766899282374,
    -7.95710237042743,
    -12.811022788531986,
    -1.4346958976719053,
    2.2287749016868297,
    1.844477948949811,
    0.0008192385112596384,
    0.012730410056933369,
    0.7271536372428511,
    0.16049503448896105,
    -1.6089741941028202,
    -0.28885380174988917,
    0.915539396443425,
    0.3357449591774459,
    -0.011743406838193698,
    -0.5439091114667378,
    -0.2080138532214835,
    1.0861282389252451,
    0.386654140361534,
    -0.6024462217482288,
    -0.333122434322309,
    -14.576333013393828,
    12.066431031723761,
    26.43012267210352,
    -16.2701645468545,
    4.3988755821489445,
    3.193836388388171,
    -12.350459574149294,
    -3.330504738647381,
    27.764973023266883,
    -10.13001764115777,
    0.12889520717459801,
    3.396329837804661,
    -6.739422585877324,
    -33.302414243366044,
    8.002985026819886,
    -6.585027479580167,
    25.27395370204377,
    -19.53620477589756,
    13.49476225141377,
    -12.710327085943382,
    11.353571408676274,
    0.002437588358534372,
    0.12138526990089513,
    0.03259685050042462,
    -0.13280018746675634,
    -0.0027376567095570327,
    0.013470054640482383,
    -0.041487072620444224,
    8.663575101270814,
    -0.7251007712048941,
    -13.434515633165788,
    0.8272271021776175,
    -4.337693299904476,
    1.4406612867676802,
    3.3326365322903735,
    -4.520763714711016,
    2.200501044725799,
    4.866051032901394,
    -11.194953392439773,
    -4.838528023032106,
    17.442499316057212,
    26.239881919726425,
    -12.732100495743147,
    -12.637126588588506,
    -17.03571484091416,
    32.47225216953931,
    -12.21207042566793,
    10.342100593724616,
    -14.02393086876937,
    0.50667625383662,
    -21.584025988311083,
    -4.188298691786641,
    -0.5746935740770727,
    1.4170440914535722,
    26.205768280662625,
    -8.561410739098092,
    0.04912887811742271,
    4.9389781865731806,
    16.444467356140056,
    6.670362182216049,
    0.054283804732699475,
    3.496441309431333,
    21.14498269661281,
    14.865489609977333,
    4.689160785140575,
    -0.28784491658302264,
    3.1570291973051074,
    -18.601140671392354,
    -49.203177564653984,
    -5.663213955522323,
    13.744727485842771,
    6.315760140591258,
    -26.096612174313876,
    2.741527562157253,
    33.54610502279146,
    6.6030417986200804,
    4.887608785538371,
    -12.040629508135419,
    -12.326842318668634,
    -2.38927539567186,
    -9.733207775616759,
    -6.45979086203639,
    5.341159078018111,
    -1.0953625188743397,
    -41.90706775719234,
    -5.413110638628662,
    -2.904502786656089,
    11.744623703376961,
    19.205672095175395,
    6.426754612395896,
    -23.709866371980322,
    -5.502929102904463,
    -18.760362093673503,
    -27.105361955034194,
    0.10467309325729325,
    25.944576496218914,
    -5.976446485245766,
    -1.104847590373637,
    13.146528835601442,
    1.9562423672923925,
    -15.132084716394296,
    11.496861210395384,
    20.944799830030586,
    9.853175066678965,
    41.46851131650775
  ],
  "lag_y": 3,
  "lag_u": 3,
  "delay": 5,
  "T0": 8,